id,店名,一类,二类,三类,area,reg,广告,团购,排队,买单,点单,促销,mark,外卖,订座,酒店预约,美容预约,匹配,推荐,榜单,入围,收藏,tags,菜品,shopid,商圈,价格,评分,星级,电话,评论数,状态码,营业状态,分店,路线,地址,lng,lat,营业时间,收录时间,黑珍珠
laQtwsp7MfKvdAWA,乐芙cake,美食,面包甜点,面包烘焙,浦东新区,世纪大道,0,1,0,0,0,0,,0,0,0,0,世纪大道  面包烘焙,"“蛋糕造型非常美丽了,特别精致”",,,,营业至23:00_有停车场_有WIFI_无接触外卖,英式栗子蛋糕_0|双层米奇米妮_0|草莓奥利奥蛋糕_0|kitty猫_0|双层森系蛋糕_0|双层前程似锦_0|网红硼砂A款_0|招牌巧克力奥利奥蛋糕_0|蛋糕甜品拼盘d款_0|茶歇甜品台定制_0|双层暴富_0|四拼蛋糕_0|原味裸蛋糕_0|架子蛋糕D款_0|红丝绒草莓堡垒_0|红丝绒裸蛋糕_0|蛋糕N款_0|财神一帆风顺_0|双层森系水果A款_0|芝士裸蛋糕_0|巧克力芝士裸蛋糕_0|骑马小女孩蛋糕_0|咸奶油男神款_0|经典蓝色爱心蛋糕_0|香草冰淇淋款_0|天使之爱_0|手绘蛋糕_0|草莓冰淇淋_0|爱心喷砂玫瑰_0|榴莲蛋糕_0|lv女神蛋糕_0|冰淇淋蛋糕_0|草莓冰淇淋款_0|招牌芒果蛋糕_0|,1297502296.0,世纪大道,,口味:3.6 环境:3.6 服务:3.6 ,3.2,15375533348|4008399967,2.0,0.0,,上海二店,距地铁2/4/6/9号线世纪大道站11号口步行610m,崂山路525号1层,121.51825,31.229942,周一至周日 08:00-23:00,,
k4mMJMEq5YFmW0eB,川福火锅,美食,火锅,,浦东新区,八佰伴,0,0,0,0,0,0,,0,0,0,0,八佰伴  火锅,,,,,营业至02:00_免费停车_有WIFI_可停车,,5658268.0,八佰伴,,口味:3.4 环境:3.4 服务:3.4 ,3.4,69710443,6.0,0.0,,商城路店,距地铁9号线商城路站4号口步行110m,浦仓路,121.511666,31.232556,周一至周日 09:00-02:00,2012年3月,
G6700fvv7w7ooUO6,徽苑壹号,美食,特色菜,,浦东新区,外滩,0,0,0,0,0,0,,0,0,0,0,外滩  特色菜,“有一秒穿越到古代大饭店的感jio”,,,,有8人-10人大桌_有包厢_卫生间_有宝宝椅_有停车场_可预订,大汤东海大黄鱼_5|现划响油鳝丝_0|万年青墨鱼大烤_3|家烧台州小白鲳鱼_0|四小福冷拼_0|沙蒜慢煮豆面_0|三葱小炒雪花牛肉_0|姜蓉脆皮咸风鸡_0|淮扬鲜虾石榴包_0|窝烧粗粮丸子参靓鲨鱼唇_0|当季时令水果_0|点心双拼_0|野菜石榴包_1|脆皮羔羊排_0|招牌豌豆酥龙趸_0|红烧三宝捞饭_1|家烧台州金钩虾_0|鲨鱼唇白萝卜_1|油醋汁章丘鲍鱼芹_0|干贝鱼翅羹_1|黑松露和牛片_1|脆皮乳鸽_0|风干水晶肉_0|法式鹅肝分子樱桃_1|油浸东海带鱼_4|蟹粉鱼翅羹_5|功夫鸡汤扣三丝_0|红烧鸡丝青片翅_0|发财猪手焖鲍鱼_6|手工狮子头_0|堂煎M5和牛_0|松茸虫草炖花胶_4|家烧东海黄鱼_0|北极甜虾_4|北京烤鸭_6|砂锅生啫章丘鲍鱼芹_0|,892689193.0,外滩,450/人,口味:3.8 环境:4.1 服务:3.7 ,3.7,58881667|58881767,39.0,0.0,,世茂店,距地铁9号线商城路站3号口步行1.1km,潍坊西路1弄18号,121.509715,31.225492,周一至周日 11:00-22:00,,
k9bHKaEwi3tE21Ak,日本经典动漫原稿&吉卜力工作室原稿展,电影演出赛事,演出/活动,,普陀区,陆家嘴,0,0,0,0,0,0,,0,0,0,0,陆家嘴  演出/活动,,,,,,,1782448928.0,陆家嘴,,,0.0,,0.0,0.0,,,距地铁14号线浦东南路站2口步行630m,陆家嘴街道银城路尚悦湾广场LG层,121.504902,31.243384,,,
l4fYFbGRtsVobOP3,云中阁桑拿会所,休闲娱乐,洗浴/汗蒸,洗浴中心,浦东新区,大连路地铁站,0,0,0,0,0,0,,0,0,0,0,大连路地铁站  洗浴中心,,,,,,,129633025.0,大连路地铁站,,,0.0,13295652335,7.0,0.0,,,距地铁2/14号线陆家嘴站3号口步行1.3km,陆家嘴街道浦东南路111号,121.502874,31.245665,周一至周日 11:00-04:00,,
G4ROnKTpc4RGqztU,唆了蜜团建·中高端跑男综艺剧情·室内户外轰趴拓展基地,休闲娱乐,团建拓展,,浦东新区,北外滩/外白渡桥,0,0,0,0,0,0,,0,0,0,0,北外滩/外白渡桥  团建拓展,,,,,,,1462325433.0,北外滩/外白渡桥,,,3.9,13761384835,15.0,0.0,,上海陆家嘴旗舰店,距地铁2/14号线陆家嘴站1号口步行480m,陆家嘴西路168号,121.494675,31.238763,周一至周日 09:00-22:30,,
EzO5GnmFx51FUBql,森林剧馆沉浸式剧本杀,休闲娱乐,剧本杀,,浦东新区,外滩,0,0,0,0,0,0,,0,0,0,0,外滩  剧本杀,,,,,,,951543513.0,外滩,,,0.0,13085074011|18255163617,6.0,0.0,,外滩游艇店,距海石广场10m,滨江大道4166号,121.504823,31.22552,周一至周日 09:30-23:00 23:30-04:00,,
igyXhGiZCDPXaL6t,Lily Brows 德国半永久纹眉发际线,丽人,美甲美睫,美睫,浦东新区,北外滩/外白渡桥,0,1,0,0,0,0,,0,0,0,1,美睫,"“环境很舒服,眉毛特别喜欢”",浦东新区纹绣热门榜第10名,,,无隐性消费,,1743013449.0,北外滩/外白渡桥,消费:3945,效果:4.7 环境:4.6 服务:4.7 ,4.7,18610509966|18811129810,195.0,0.0,到店前请与商户确认营业时间并预约，进店请佩戴口罩,外滩店,距地铁14号线浦东南路站2口步行570m,银城路尚悦街西街下沉广场星巴克咖啡左后面第一家,121.506708,31.244926,周一至周日 10:00-22:00,,
laBrUP2nkLohPPsD,南滨江,景点/周边游,自然景观,,浦东新区,外滩,0,0,0,0,0,0,,0,0,0,0,外滩  自然景观,“外滩万国建筑博览群尽收眼底”,,,,,,5640264.0,外滩,24/人,,4.8,61600122,149.0,0.0,,,距地铁2/14号线陆家嘴站10口步行780m,滨江大道2967号,121.49202,31.237777,,,
FFsRtuxNjz90v4gM,外滩观光隧道,景点/周边游,旅游项目/观光项目,城市观光,浦东新区,外滩,0,0,0,0,0,0,,0,0,0,0,外滩  城市观光,“无人驾驶全透明车厢”,,,,,,1795450.0,外滩,87/人,,3.5,58886000,3675.0,3.0,该商户暂停营业,,距地铁2/14号线陆家嘴站1号口步行540m,滨江大道2789号（近东方明珠）,121.49281,31.24023900000001,周一至周日 08:00-22:30,,
GaeSSI8OBQeam06K,无人机灯光秀求婚策划,结婚,婚庆公司,求婚策划,浦东新区,外滩,0,1,0,0,0,0,,0,0,0,0,外滩  求婚策划,,,,,3D效果图_手绘效果图_新房布置,,720663245.0,外滩,,,4.3,18964057252,3.0,0.0,,,距地铁2/14号线陆家嘴站1号口步行430m,丰和路东方明珠,121.49509,31.241689,周一至周日 全天,,
H4lrB2PixZasTDQc,花旗银行,生活服务,金融服务,营业网点,浦东新区,外滩,0,0,0,0,0,0,,0,0,0,0,外滩  营业网点,,,,,,,6233491.0,陆家嘴,,效率:4.5 服务:4.4 环境:4.3 ,4.6,,1.0,0.0,,上海分行,距地铁2/14号线陆家嘴站10口步行240m,花园石桥路33号花旗集团大厦1层,121.496593,31.236171,周一至周五 09:00-16:30,,
H10BJOQBowBci3tH,斐兜少儿体能馆,学习培训,运动培训,体适能培训,浦东新区,外滩,0,0,0,0,0,0,,0,0,0,0,外滩  体适能培训,,,,,,,837939384.0,外滩,,,0.0,,0.0,0.0,,黄浦校区,距地铁9号线商城路站3号口步行990m,中山南路1777弄4号楼,121.502695,31.229062,,,
G4nY9Ky8cxvWnhut,蘭心•臻品,美食,本帮江浙菜,上海本帮菜,浦东新区,八佰伴,0,1,0,0,0,0,,1,1,0,0,八佰伴  上海本帮菜,"“兰心红烧肉,招牌菜品,心爱的红烧肉”",八佰伴本帮江浙菜环境榜第7名,,,商场餐厅_有包厢_有10人以上大桌_10人－20人包厢_可电话预订,三鲜蹄筋煲_15|酒酿圆子_20|蟹黄飘香芋儿_6|毛血旺_23|栗子鳝筒煲_8|桂花糖藕南瓜_11|六月黄年糕_7|盐水牛月展_6|葱烤鲍鱼_8|蟹粉锅贴_45|生拆蟹黄豆腐_21|糖醋排条_14|老上海咸肉菜饭_35|美味熏鱼_9|干煎臭豆腐_7|干煎东海带鱼_11|清炒河虾仁_84|荠菜冬笋肉丝炒年糕_6|开洋葱油拌面_15|干烧鲳鱼_7|梅菜河鳗_13|四喜烤麸_12|上海粗炒面_9|酱爆猪肝_98|油爆虾_7|草头圈子_119|油爆河虾_114|蘭心红烧肉_160|蘭心酱鸭_232|糟熘鱼片_11|响油鳝丝_184|酒香草头_23|清蒸笋壳鱼_21|冰花醉鸡_9|牛肉_71|麻婆豆腐_17|葱烤大排_104|老上海葱油饼_10|腌笃鲜_62|老醋海蜇_7|鸡油豆苗_45|膏蟹蒸肉米_6|鸡头米河虾仁_7|老上海三鲜砂锅_7|蟹肉锅贴_8|清炒米蚬_6|蟹粉捞饭_12|酱爆腰花_15|,1411389774.0,八佰伴,225/人,口味:4.7 环境:4.8 服务:4.6 ,4.7,58999188|13402097803,959.0,0.0,,华润时代广场店,距地铁9号线商城路站3号口步行450m,张杨路500号L8-803,121.512926,31.228992,"周一至周五 11:00-14:00 17:00-22:00  周六,周日 11:00-22:00",2019年12月,
G1hkxWvwqeBqe056,春在,美食,本帮江浙菜,上海本帮菜,浦东新区,陆家嘴,0,0,0,0,0,0,,1,0,0,0,陆家嘴  上海本帮菜,“在这吃饭好享受哦~看着繁华的城市夜景”,,,13.5万人,高空城景_隐于浮世_古典清韵_复古主题餐厅,糖醋小排_4|宁波醉蛏子_0|冷菜_0|清炒蟹粉_1|虾籽大乌参_0|红烧羊肉_0|咸菜蒸黄鱼_0|葱油带鱼_0|荠菜鲈鱼_0|竹荪鸡汤_0|芥菜桂鱼_0|面疙瘩汤_0|芥菜鲑鱼_0|怪味蛏子_0|炸带鱼_0|蛋炒饭_0|毛豆石鸡_0|三鲜汤_0|素鸭_0|清拌黑豆芽_0|糟香毛豆_0|糯米心太软_0|清炒鲜莲子_0|红烧家常萝卜_0|淮阳白烧鳝丝_0|芦蒿咸肉炒香干_0|番茄丝瓜面筋_0|大汤黄鱼_0|糟三宝_0|白米虾_0|海鲜疙瘩汤_0|酒糟蛏子_0|现拆蟹粉捞面_0|松鼠桂鱼_2|呛河虾_0|清蒸鲥鱼_0|罗宋汤_0|白水鱼_0|海鲜酸辣汤_1|特色江阴百叶烩肚丝_0|蟹粉竹荪_0|全家福_0|春笋拌牛肚_0|芦笋拌牛肚_0|塔菜炒冬笋_0|大排_1|蒜蓉粉丝扇贝_0|香酥牛肉_0|清炒絲瓜_0|传统酱爆猪肝_0|酒酿蒸鲥鱼_0|松子大黄鱼_0|葱油比目鱼_0|水晶虾仁_0|香酥小牛排_0|古法豆腐煲_0|香菜螺蛳肉_0|桂花糖藕_1|土豆色拉_0|开洋葱油拌面_1|红烧羊肉煲_0|扬州干丝_1|荠菜大馄饨_0|莲花酱萝卜_0|蛤蜊炖蛋_0|麻酱牛肉拉皮_0|南瓜_0|醉螃蟹_2|鱼香茄子_0|特色阿婆炒饭_0|麻酱牛肉粉皮_0|绍兴三黄鸡_0|茶山蜂巢糕_0|毛血旺_0|鸭血烧鸡杂_0|碧绿炒牛蛙_0|鸡油酒糟蒸带鱼_0|酒香菜头_0|土法烧鲳鱼_0|白切肚尖_0|鸡蛋木耳_0|韭菜小土豆_0|手剝小甜豆_0|酱瓜毛豆_0|太湖银鱼跑蛋_0|荠菜春笋肉丝炒年糕_0|腐衣小青菜_0|百叶结红烧肉_0|自制咸肉煨鲜笋_0|家乡咸肉蒸白水鱼_0|肥肠牛腩煲_0|四喜烤麸_3|油酱毛蟹_0|烂糊肉丝_0|干煎带鱼_0|老鸭汤_0|老上海炒面_0|油浸笋壳鱼_0|响油鳝糊_11|草头大肠_0|肉糜粉丝煲_0|雪梨甜菜汁_0|什锦八宝菜_0|上汤娃娃菜_1|茄子煲_0|外婆红烧肉_9|龙利鱼豆腐_0|小米椒蟹柳炒蛋_0|葱油子鸭_0|桂花酒酿圆子_0|韭菜花膳贝螺蛳肉_0|菊花茶_0|桂花冰糕_0|大闸蟹_0|荠菜肉馄饨_0|剁椒鱼头_0|色拉虾球_0|酒香豆苗_0|炒虾仁_0|蛤蜊蒸蛋_0|石笋干烧鸡_0|西瓜汁_0|菜头圈子_0|糟味拼盘_0|四季烤麸_0|醉蛤蜊_0|黄鱼小馄饨汤_0|毛蟹年糕_0|萝卜海蜇丝_0|萝卜丝海蛰头_0|青菜豆腐衣_0|腐皮小青菜_0|金汤肥牛_0|百威_0|蟹粉粉皮_0|蟹粉豆腐_10|菜心老鸡汤_0|时笋干烧鸡_0|酒香草头_2|蚝油牛肉_1|核桃冰糕_6|百年卤酱鸭_1|草头圈子_7|马兰头_0|铁观音_0|葱油双笋_0|清炒米苋_0|油爆河虾_3|虾仁爆鳝鱼_0|海参_1|空心菜_0|干煎黄鱼_0|上海葱烤猪排_0|黄鱼烧豆腐_0|鲈鱼面疙瘩_0|酱椒鱼头_0|荠菜蘑菇花菜_2|麻婆豆腐_0|台州笋干_0|崇明家烧甲鱼_0|椰汁_0|香菜小海螺拌菜_0|番石榴汁_0|拆骨酱猪手_0|糟溜黄鱼片_0|番茄土豆排骨汤_0|老卤糟四宝_2|百果竹荪煨丝瓜_1|海鲜面疙瘩_1|松子桂鱼_0|有机花菜_0|海派辣子鸡_0|玫瑰元宝虾_0|荠菜桂鱼_1|黄鱼面疙瘩_0|小豌豆_0|熏鱼_0|酒酿小圆子_1|youbaoxia_0|,21294388.0,陆家嘴,169/人,口味:4.6 环境:4.5 服务:4.2 ,4.5,68827771|68827772,7164.0,0.0,,陆家嘴店,距地铁2/14号线陆家嘴站10口步行450m,自由贸易试验区富城路182号（临）,121.495427,31.235191,周一至周四 11:00-14:00 17:00-22:00  周五至周日 11:00-14:30 17:00-22:00,2014年12月,
kadAjc1msM5Cnah3,上海人家花樣年華,美食,本帮江浙菜,上海本帮菜,浦东新区,世纪大道,0,0,0,1,0,0,,1,1,0,0,世纪大道  上海本帮菜,"“哇,正好可以看到三件套,夜景绝了”",世纪大道本帮江浙菜口味榜第3名,,1.9万人,开放式厨房_Apple Pay支付_可用银联,本帮素什锦_43|蟹粉蹄筋_19|松鼠雕鱼_2|陈皮红豆沙圆子_1|青花椒香麻嫩美蛙_1|豆瓣春笋烧鮰鱼_2|石库门红烧肉_64|原笼蒸刀鱼馄饨_25|老上海文火雪花牛肉_8|百灵菇牛肉粒_30|粉丝鹅掌煲_3|春茶焗大虾_1|金汤南风肉菜秸_1|怀旧粢饭糕_2|春笋全家福_3|牛奶布丁_1|火焰脆皮鸡_18|热醉六月黄_18|凉瓜香煎鸡蛋_2|冰镇荔枝_1|凯里酸汤鱼片_1|豆酱番薯叶_13|金蒜脆皮咸蹄髈_1|红烧肉盖浇饭外卖_1|荠菜肉丝年糕外卖_1|黑松露小龙虾盖浇饭_1|麻婆豆腐外卖_1|荠菜肉丝羹_1|黑椒牛肉盖浇饭外卖_1|石库笋干红烧肉_1|荠菜年糕外卖_1|茭白鳝丝外卖_1|砂锅饭_1|清炒时蔬外卖_1|红汤浸石斑_1|膏蟹竹笋焖墩鸡_1|酸汤肥牛海鲜汇_14|薄片牛展_1|响铃黄鱼卷_4|麻辣豆腐烧水潺_2|响油蛏肉茄糊_6|响玲黄鱼卷_11|家烧鹰爪虾_3|春菜煮花蛤_4|苔条豆瓣酥_5|虾皮春韭小土豆_1|酸白菜烧八爪鱼_4|豆浆笋壳鱼_3|老上海猪肚肺汤_1|白灼芥兰_1|经典狮子头_4|莲子红豆沙_1|糟香鱼头汤_8|咖喱皇老虎蟹_1|蟹粉干捞粉丝煲_1|杨梅汁_1|鸡汁花雕蒸大黄鱼_2|老上海酱萝卜_2|莴笋海蜇丝_1|脆皮香酥蹄_1|鳕鱼牛肉粒_1|桂花洒酿丸子_19|石锅咸肉芋儿菜饭_2|桂花糖藕_12|秘制牛肋骨_2|油鸡枞海螺片_1|红汤秧草蒸刀鱼_7|波斯顿龙虾_2|松茸菜馄饨_1|蟹粉烩豆腐_8|虾籽捞面_1|酒酿布丁_10|雪菜大汤黄鱼_4|蒜茸粉丝蒸竹节虾_2|陈皮豆沙酥_7|老上海葱油饼_2|扇贝_3|风范汁黑虎虾_2|芙蓉花雕蒸帝皇蟹_8|黑松露芋艿_1|蟹粉捞饭_21|芝士焗红心红薯_2|发财捞鸡_1|鸡枞菌菜心_1|樱花虾双竹笋_2|我家腌笃鲜_2|金针菇烤菜_1|清炒虾仁元宝虾双拼_11|青柠虾球老油条_1|菠萝咕咾肉_5|上海肉丝粗炒_8|辣炒肥肠_3|仔姜跳跳蛙_4|干锅高山花菜_3|咖喱土豆鸡_1|走地鸡腌笃鲜_6|鲍汁双菇盖饭_2|大白兔奶糖风味牛腩罗宋汤_8|招牌熏鲳鱼_86|招牌慢炖鲜豆浆大鱼头_1|我家黄鱼春卷_54|手拆蟹粉配油条_2|招牌醉鸡_11|锦锈大桂鱼_2|冠生园话梅糖风味糖醋排骨_27|金蒜脆皮咸蹄膀_1|小炒黄牛肉_2|鸭舌_1|秋葵_2|辣辣辣千岛湖大鱼头_1|爽口黄瓜卷_1|鸡油火腿蒸比墨鱼_2|炭烧明炉牛肋骨_2|野米黄瓜煮花胶_1|金秸脆皮蹄_1|塔栗子鲍鱼焖鸡_1|黑蒜金栗烧河鳗鱼_2|蟹黄糟溜东星斑_1|黑松露豚肉蒸膏蟹_1|黑鸡枞炒鲜鲍鱼_1|干蒸刀鱼馄饨_4|金汤南风肉菜苋_7|椒麻银鱼青笋_9|香椿拌豆腐_8|鸡油花雕蒸热气鲥鱼_16|上海葱油鸡_110|竹荪松茸菌皇汤_17|黑松露荠菜石榴_8|春韭炒台州蛏子_1|流沙麻球_9|葱油拌面_6|老上海红汤虾_3|糟菜拼盘_1|醋海蜇_3|五香烤籽鱼_3|大富大贵面_1|蒜蓉粉丝蒸长脚蟹_1|金钱菇烤菜_2|手工鸡米芝麻汤圆_16|豆浆冰淇淋_2|酱香一口脆_1|烤菜年糕_4|葱烧虾籽乌参_2|油爆河虾_14|老上海花雕网油鲥鱼_1|天鹅酥（榴莲味）_4|干贝荠菜黄鱼羹_1|蟹黄手抓汤包_20|红红火火跳跳蛙_3|鸳鸯双味虾_53|蜜椒安格斯牛肉粒_35|咸蛋黄狮子头_8|青浦练磄茭白_1|宫保鸡丁盖浇饭_6|上海炒面_1|南风肉金汤菜节_1|春茶美极大虾_2|蟹黄鲜肉馄饨_1|盐水煮白虾_1|大红袍嫩美牛蛙_1|油浸红石斑_6|鸡头米豆瓣河虾仁_125|虾皮上汤米茜_1|小龙虾葱油拌面_8|荔枝咕咾肉_8|红汤虾蟹二鲜_1|金瓜海蜇丝_4|草头圈子_113|上海爷叔肚肺汤_2|本帮海鲜二面黄_3|抹茶冰糕_13|静池素鸭_15|金桂酒酿鸡米头_7|荠菜虾仁烩蘑菇_8|比目鱼_17|黑松露河虾仁_24|炝花螺_9|红心咸蛋蒸鲞鱼_1|夏日四拼_3|清水菜心_3|番茄蛋汤煮梭子蟹_4|乳瓜温炝花螺_2|凉菜拼盘_1|冰镇时蔬_6|老上海桂花糖醋排骨_1|麻辣小龙虾_5|蒜蓉开片虾蒸丝瓜_3|蛋黄鸡翅_3|干煎带鱼_5|德国咸猪手_3|葱油蛤蜊_2|桂花炒鱼肚_1|黄金双味虾_3|梭子蟹_1|杏鲍菇黑蒜牛肉粒_12|牛油果蔬菜色拉_16|芋艿老鸭汤_1|香煎南瓜饼_2|鸡油蒸白水鱼_7|原笼蒸大闸蟹_7|鲍参翅肚羹_2|葱油走地鸡_2|咸蛋黄元宝虾_2|女儿红醉小龙虾_6|干捞粉丝黑虎虾_1|保健醋汁西芹_1|海蜇手撕鸡_1|黑松露肉汁香米焖鲍鱼_1|豆浆花胶鱼头汤_14|走油蹄髈_1|招牌响油鳝丝夹饼_463|冰镇百合_1|糟溜黄鱼片_2|老上海金桂糖醋排骨_257|老上海橙香蟹糊_239|老上海白皮椒辣子猪肝_18|老上海松鼠大桂鱼_184|八宝辣酱_14|玫瑰鹅肝配上海葱油饼_29|老上海玫瑰冰糕_64|黑松露拇指生煎_359|老上海茉莉花烟熏咸草鸡_18|家烧鲳鱼_1|炆火焖牛肉_2|老上海五香烤子鱼_191|蟹粉煮干丝_3|炒鳝糊_1|锦绣河虾仁_3|麻辣鸭血_1|酸辣汤_1|椰奶_1|糖醋面筋_2|辣子鸡米花_1|瑶柱海鲜冬瓜汤_1|可乐_1|十八罗汉斋_1|糖醋小排_27|火爆肥牛_3|荠菜肉丝炒年糕_3|猪油咸肉菜炒饭_11|松茸菌王汤_2|三得利啤酒_1|金汤青瓜煮花胶_2|响油蛏子茄糊_1|香芒黑蒜牛仔粒_3|黑豚肉蒸六月黄_11|腐乳元宝虾_1|百威啤酒_1|原笼麻酱馄饨_1|南风肉蒸六月黄_1|白玉菇芥兰_1|招牌水晶鸡_1|年年有鱼八宝饭_1|芝士焗龙虾黄油伊面_6|吉祥全家福_35|葱绿嫩鸡_3|黑香干马兰头_31|脆皮乳鸭_6|荠菜海参鳕鱼羹_7|虾籽交白丝_3|原笼糯米蒸老虎蟹_5|鸡油豆瓣抱腌大黄鱼_8|灯影牛肉_1|熟醉白米虾_21|土香肠煎蛋_1|木瓜桃胶_1|青椒茭白丝炒鳝丝_2|鸡汁木耳时蔬_1|松茸菜肉大馄饨_1|苔条小黄鱼_2|菌菇面筋_1|九层塔板栗焖鸡_5|玫瑰山药糕_9|松茸云腿时蔬_3|毛蟹年糕_76|小葱烫肉皮_3|鲜菌汤_3|金湯扣三絲_12|巧手拌鸭掌_2|红汤黑豚肉蒸膏蟹_8|肉松蟹壳黄_5|四喜烤麸_45|雞湯砂鍋餛飩_9|老上海花胶母鸡汤_7|砂锅馄饨鸡_3|鸡枞菌百合目鱼胶_1|冰镇桃胶小番茄_5|家烧鲳鱼年糕_1|老醋海蜇头_12|童年的蛋饺_7|本帮酱鸭_48|海鲜两面黄_8|小米椒牛肉_1|木瓜炖雪蛤_3|东海小黄鱼_1|清水小龙虾_2|太湖白鱼_1|蟹黄小油条_1|凤爪_1|草头油焖竹笋_5|酒香草头_1|槽溜黄鱼片_1|咖喱鸡丁盖饭_1|豌豆腊肠_1|辣椒炒肉盖浇饭外卖_1|酒酿小丸子外卖_1|清炒豆苗外卖_1|流沙汤圆_6|春笋腌笃鲜_1|剁椒美蛙鱼头_10|自助点心_1|家烧虾干豆腐_1|蟹粉小笼_8|葱油蚕豆_6|油焖春笋_8|辣椒炒肉盖饭_1|虾露白切鸡_4|盐烤六月黄_1|蟹酿橙_10|剁椒腊味盖饭_1|双喜冷面_1|蒜蓉蒸帝王蟹_1|老上海土豆色拉_7|女儿红熟醉大头虾_1|蔬菜沙拉_4|现烤响铃鳝糊夹binh_1|葱油笋衣_1|,125072099.0,世纪大道,180/人,口味:4.6 环境:4.7 服务:4.6 ,4.5,50653238|50651005,1947.0,0.0,,百联世纪店,距地铁2/4/6/9号线世纪大道站1号口步行80m,世纪大道1217号百联世纪3F,121.522233,31.232033,周一至周日 11:00-14:00 17:00-21:00,2018年11月,
kaVI0LNQcko59Ylv,70后·绍东家,美食,本帮江浙菜,浙菜,浦东新区,八佰伴,0,1,0,1,0,1,,1,1,0,0,八佰伴  浙菜,“总有一两道让人意犹未尽的美食”,八佰伴本帮江浙菜好评榜第4名,,1.9万人,仙气十足_诗情画意_小桥流水,酒酿木莲冰粉_0|江南米糕_4|辣炒花蛤_0|桂花糯米藕_1|鲜榨西瓜汁_0|红烧鸡爪_1|干菜鸡蛋炒饭_0|东家素炒鸭子_0|健康粗麦包_0|白灼芥兰_0|抹茶流沙包_0|红糖馒头_0|蜜汁莲藕炖马蹄_0|肉汁沙地萝卜_0|米浆_0|杨梅汁_0|东家小炒_1|鸡丝凉面_0|东家绍三鲜_0|干菜焖肉_1|桂花黑醋小排_0|梅干菜烧肉配酒酿馒头_1|砂锅番茄花菜_1|四喜烤麸_0|剁椒鱼头_0|松茸菌鸽汤_0|小米辽参_0|家烧笋衣_0|喷香香芋羹_0|素烧鹅_0|古色古香包房_0|猪油渣芋艿_0|梅干菜鸡爪_0|藕饼_0|花雕酒_0|梅干菜小龙虾_0|蒜香小龙虾_0|花雕焖肉_0|江南藕粉_1|鸡汤百页包_0|火焰牛肉_0|胡辣山羊尖_0|千张包_0|江南豆腐煲_1|孜然拌菠菜_0|菜梗猪肝_0|芝士焗红薯_0|酒香卤花生_0|邵氏酥鱼_2|东家大鱼头_0|鱼豆花_2|鸡汤菌菇时蔬_1|梅干菜狮子头_11|东家酱鸭_0|黄酒奶茶_2|花雕竹林鸡_10|东家青花椒鱼_3|东家葱香芋头_2|豉油皇虾_6|抹茶奶香布丁_0|黑松露石榴包_0|贵妃醉黄桃_0|酥夹鹅肝藕饼_0|糟骨头蒸膏蟹_0|葱油汁大黄鱼_0|酸笋泉水滑牛肉_0|黑椒京葱爆鱼球_0|芥末花蛤猪肝_2|酸梅酸奶汁_0|绍兴酥鱼_14|啫喱海蜇_0|腐竹鸡毛菜_0|沙拉芒果虾_0|抹茶桂花山药_0|烤汤圆_0|黄酒棒冰_0|桂花米酒_0|芝士焗梅干菜_0|梅干菜狮子c_0|咸肉千张炖笋_0|鲜肉小笼_0|黑松露配自制臭豆腐_0|腐竹青菜_0|东家茴香豆_3|东坡腐_0|桂花糖藕_1|绍兴太雕酒_0|长寿面_1|鸡汁广东菜心_0|煎酿鹅肝藕饼_1|黑松露鸡肉千张包_0|东家红烧肉_0|芒果冰沙_0|韭香酱肉竹笋丝_0|清炖松茸菌汤_0|爽口辣莲藕丁_0|泡椒酸菜鱼_0|花雕黄鱼_0|黄鱼响铃_0|红糖糍粑_0|方糕_1|梅干菜鸡蛋炒饭_0|藤椒牛蛙_0|虾子蒸小黄鱼_0|绍兴臭豆腐炒毛豆_1|红豆冰沙_0|酸辣乳瓜仔_0|鸡纵菌辣炒土鸡蛋_0|东家糖醋里脊_1|肉饼蒸膏蟹_0|一品鱼头皇_1|健身色拉_0|香香的大萝卜_0|花雕烧肉_0|百香果鲜橙汁_0|艾青米糕_0|西施豆腐羹_0|牛奶香芋汁_1|水晶虾仁_0|河鲜汇_0|霉干菜鲈鱼_0|青麻鳕鱼椰_0|泉水煮牛肉_0|花雕鸭_0|糖醋排骨_0|鸡汁时蔬_0|番茄海鲜浓汤_0|油淋双脆_0|杨梅鲜虾球_0|鲥鱼_0|浓汤杭白菜_0|压锅茄子_0|盐焗鸡_0|肉沫豆角_0|咕咾肉_0|玫瑰杏仁奶冻_0|芙蓉桂鱼_0|东家咸菜鱼疙瘩_0|肉皮汤_0|腌笃鲜_1|鸽子汤_0|江南盐水鸭_0|鲜榨芒果汁_0|东家豆腐年糕_0|开胃山楂汁_0|绍氏八宝酱丁_0|花雕醉花生_0|馋嘴口水鸡_0|香甜麻糍_0|东家鲞蒸鸡_0|梅干菜土猪肉排_0|苔条小黄鱼_0|温州鱼饼_0|黑松露手工素鸭_0|油焖笋_0|上汤奶白菜_0|酒酿丸子_0|干菜蜜汁牛肋骨_0|沙爹牛牛锅_0|酱味蒸鲜笋_0|东家糟三宝_0|椒麻美极蛙_0|红豆绵绵冰_0|绍式八宝酱丁_0|江南头肚醋鱼_0|大佛龙井金牌卤鸭_0|芋香薏米红豆汤_0|熟醉大虾_0|蜜桃酒酿冰饮_0|鸡枞菌甘蓝小土豆_0|冰镇花雕小龙虾_0|,121944487.0,八佰伴,114/人,口味:4.7 环境:4.8 服务:4.7 ,4.8,50330677,2318.0,0.0,,滨江世茂52+店,距地铁9号线商城路站3号口步行990m,浦城路680号2F-203,121.510496,31.225519,周一至周日 11:00-14:00 16:30-21:00,2018年10月,
H83pT4gz660xPgHT,蘭心餐厅,美食,本帮江浙菜,上海本帮菜,浦东新区,八佰伴,0,1,0,0,0,0,,1,0,0,0,八佰伴  上海本帮菜,"“吃在上海打卡必吃榜,老字号本帮菜”",,,5.4万人,商场餐厅_可电话预订_手机支付_可刷卡,香葱排骨_1|蟹粉芋头_1|京酱雪花牛肉夹饼_0|酱油饭_0|醋蜇头_0|鲍汁佛跳墙_0|脆皮咸鸡_0|腌笃鲜_1|蟹粉拌面_1|雪梨红茶威士忌_0|金牛迎春双人餐_0|四喜烤麸_1|家乡咸草鸡_0|胡萝卜苹果饮_0|芝士南瓜冰激凌_0|虾籽大乌参_0|绿豆刨冰_0|糟带鱼_1|黑椒雪花牛肉粒_0|鸡枞菌和牛炒饭_0|蘭心红烧肉_7|浓汁花胶_0|花开富贵山珍海味盆菜_0|水果滨治_0|响油鳝丝_7|草头圈子_2|酱爆猪肝_7|熟醉大闸蟹_2|葱烤大排_2|酒香草头_4|蟹粉捞饭_1|蘭心酱鸭_6|金汤杂粮烩辽参_0|葱油扁尖_0|老上海咸肉菜饭_1|鸡油豆苗_1|油爆河虾_3|生拆蟹粉冬茸_1|麻婆豆腐_1|五谷杂粮饮_0|,122122069.0,八佰伴,186/人,口味:4.5 环境:4.6 服务:4.5 ,4.4,13817455918,3754.0,0.0,,陆家嘴中心店,距地铁2号线东昌路站出入口步行290m,浦东南路899号陆家嘴中心8楼813,121.511324,31.23354,周一至周日 11:00-14:00 17:00-21:00,2018年10月,
H2XGDoGkqLFO55Ll,荟廷·晶萃,美食,本帮江浙菜,上海本帮菜,浦东新区,陆家嘴,0,1,0,0,0,0,,1,1,0,0,陆家嘴  上海本帮菜,"“口味,造型俱佳的创意融合菜馆”",,必吃榜2022年入围餐厅,12.7万人,隐于浮世_田园风格_古典清韵,红豆沙小圆子_0|咸肉菜饭_0|生炒广东菜心_0|青菜肉丝汤面_0|瑶柱蛋白酱油炒饭_0|蟹粉狮子头_1|养生菌小炒_0|鲍鱼茶碗盅_0|干煎带鱼_0|清蒸大黄鱼_0|盆栽色拉_1|苔条豆瓣_0|开胃菜_0|煎带子_0|上汤丝瓜_0|生爆鳝背_0|紫苏米线_0|鸽汤_0|花胶鸡汤_1|白菜炝肚丝_0|黑松露小牛肉_0|西瓜汁_0|芋艿_0|鸡枞菌烤菜_0|满杯红柚_0|火龙果椰皇奶盖_0|红丝绒奶盖_0|野山核桃荞麦菜_0|爽口佛手瓜_0|石锅海胆豆腐_1|鱼子蹄筋_0|蟹粉捞饭等八菜_0|红汤荔芋_0|蟹粉捞饭_33|外婆熬豆腐_0|炝膏蟹_0|葱油剔骨嫩鸡_2|苔条糍饭糕_0|杏香脆皮小棠菜_0|喜从天降_0|私房熏鱼_6|草莓星空苏打水_0|醋椒大凤爪_0|双椒炒花螺_0|羊肉砂锅_0|宫保鸡丁_0|餐前小食_0|黑麻酱水晶皮_0|糯米鸭方_0|樱桃鹅肝_2|糟淋鲥鱼_0|雪梨银耳羹_0|桃花仙_0|冷菜茄子_0|纯水煲淋时蔬_0|西柚_0|北极醉甜虾_0|娃娃菜_0|莴笋炝腰蛤_0|松板猪_0|石锅竹林鸡_0|本帮熏鲳鱼_0|上海酱鸭_0|白色恋人_0|海葡萄_0|石斛汁白玉澳带_0|新加坡黑胡椒蟹_0|青苹果乐园_0|咸蛋黄鲜虾球_4|西湖跳满堂_0|樱花漫香水晶洞_0|宫廷豌豆黄_0|黄芥末鳕鱼盏_0|年轮枣之恋_0|辣炝牛百叶_0|老晨风干肉_0|蟹粉盖饭_1|红烧肉_1|海鲜粥_0|鲍鱼茶碗蒸_0|羊肚菌汤_0|糖醋里脊肉_0|清汤米苋_1|生日面_0|鳝丝_1|茶树菇干贝_0|灵菇爆澳带_1|招牌滑皮虾_0|菱角_0|烟熏黄鱼脯_0|酒醉小龙虾_0|外婆菜油条豆角_0|特饮_0|蜜桃乌龙奶盖茶_0|红油杂菌素馄炖_0|元葱牛筋煲海参_1|外婆菜油条四季豆_0|红酒泡牛仔粒_23|避风塘茄子_0|刀鱼馄饨_0|水煮肉片_0|鸡油太雕鸡_0|焦糖布丁_1|鹰嘴豆鲜贝_0|樱花鱼冻_0|凤尾虾_1|芒果布丁分子料理_0|花胶鸡_0|腊肉冻豆腐_0|榴莲酥_0|豆芽炖冻豆腐_0|泰式脆皮茄子_0|西瓜椰皇奶盖_0|泰式云耳_0|三鲜肉皮_0|黑鱼籽珍珠芋球_0|蟹粉煮干丝_1|鸡油太雕蟹_0|手撕鳗鱼香_0|翠绿芦笋马蹄炒蟹_0|蜜橙仔排_0|火腿美国甜豆_1|小米辽参_0|桃胶蟹粉捞_0|清蒸笋壳鱼_0|秋葵鹅肝_9|笋烧红烧肉_0|家烧鲳鱼_0|手剥河虾仁_0|烤墨鱼_0|古法奶冻_0|新加坡辣椒蟹_0|银鳕鱼秋葵酥_9|奶油慕斯青豆泥_0|酒香大黄鱼_0|山药玉米炖排骨_0|豌豆泥_1|蚕豆_0|奶香麦片虾_0|黑胡椒乌冬龙虾面_0|素鸡_0|泡菜螺肉_0|清炒虾仁_0|蟹粉花胶_0|本帮酱萝卜_0|羊肚菌炖娃娃菜_0|汤圆_0|上汤纸片笋儿_0|海鲜超级多_0|牛三宝_0|最爱的菌菇_0|蟹糊黄芽菜_0|上海春卷_0|黑糖椰冻_0|酸萝卜海蜇_0|和味紫茄子_0|菜肉馄饨_0|冻柠茶_0|网红款小熊奶茶_0|毛蟹年糕_0|黑蒜糖醋里脊_6|火焰葱烧牛舌_0|跳舞茄子_0|豌豆桂花鱼_0|咸蛋黄大肉蟹_0|古早味奶茶_0|上汤纸片笋_0|杨枝甘露_0|椒盐小土豆_0|羊肉煲_0|青菜肉丝面_0|泉水米苋_0|葱油鸡肉_0|粉红荔枝_0|海鲜牛肉胡辣汤_0|开胃海鲜牛肉羹_0|鸡纵菌烤菜_0|蟹粉烂糊肉丝配脆饼_0|蟹黄捞面_0|纯水浸时蔬_7|三文鱼牛油果_4|素馄饨_0|笋干烧肉_0|香茅椒丝牛蛙_0|四季豆油条_0|文蛤豆腐_0|前菜_0|椒盐猪手_0|盆景色拉_3|麻辣诱惑_0|浓汤海鲜泡饭_3|金汤瑶柱丝瓜_0|蟹籽粉丝煲_2|墨鱼汁目鱼_0|酸奶豆腐_0|日月贝色拉_0|碧绿带子_0|水果_0|金汤扁尖笋_0|臭豆腐_1|牛肉酸辣汤_0|豆芽冻豆腐汤_0|泉水时蔬_0|酱汁松板肉_0|面筋煲_0|蟹粉鱼翅_0|小河虾_0|秘制冻鲍鱼_0|豆浆蟹_0|石榴汁_0|低温煮目鱼_0|粢饭糕_1|四喜烤麸_0|花蛤_0|糖醋小排_0|黑糖里脊肉_0|素鸭卷_0|糍粑元宝虾_0|浓汤烩蛏子_0|黑鸡枞烤菜_0|招牌鹰爪虾_0|燕麦红豆汁_0|宫保虾球_3|水库鱼头_0|鳕鱼粒_0|黄金脆藕夹_1|泰汤鱼唇_0|开洋葱油拌面_0|芥末章鱼_0|榴莲鸡汤_0|花雕鸡_4|港式冻柠檬茶_0|小葱蟹籽蹄筋_1|麻球宫爆虾_0|东海大白鲳_0|瑶柱头抽蛋白炒饭_0|招牌漂爪虾_0|棉花糖小牛肉_1|芝士焗土豆_0|香橙雪蛤_0|咸肉炒饭_0|蜜汁黑叉烧_1|杏仁小棠菜_0|三文鱼牛油果手卷_1|蟹壳黄_0|养生山药煲_0|山楂香蕉球_0|红酒泡沫牛肉粒_2|蒜蓉粉丝蒸鲍鱼_0|银鳕鱼秋葵球_0|芥兰_0|豌豆鱼_0|南京素鹅_0|毛血旺_0|柳丁汁_0|絲瓜炒蟹粉_0|油淋东星斑_0|,98069737.0,陆家嘴,268/人,口味:4.8 环境:4.8 服务:4.8 ,4.8,68681718|68681388,8159.0,0.0,,尚悦湾店,距地铁14号线浦东南路站2口步行500m,银城路66号尚悦湾广场4层418a室,121.506072,31.242996,周一至周日 11:00-14:00 17:00-21:30,2017年12月,
k1K9iIesiv6Tvckj,新白鹿餐厅,美食,本帮江浙菜,浙菜,浦东新区,世纪大道,0,1,1,0,0,0,,1,0,0,0,世纪大道  浙菜,"“他们家服务员颜值爆表,都很热情周到”",,,4.5万人,性价比高_有10人以上大桌_商场餐厅_有充电宝_有WIFI,泡椒凤爪_0|话梅花生_3|长寿面_2|油条虾_2|剁椒牛蛙_0|三鲜面_0|美极川味黄瓜_0|酸汤章鱼粉丝_0|酥皮奶豆腐_2|老底子杭三鲜_0|毛血旺_0|糖醋里脊_10|干锅包心菜_0|葱油饼_0|鸡汤红苋菜_0|龙游发糕_0|豆豉鲮鱼油麦菜_0|手捏菜炒芋艿_0|香锅章鱼鸡_1|蚝油生菜_0|雪菜蒸鲳鱼_0|酱烤活鲈鱼_21|红糖发糕_0|酒酿馒头_0|松鼠桂鱼_0|口水鸡_1|黑芝麻圆子_0|干菜肉末炒秋葵_0|干菜焐肉_0|剁椒鱼头_0|清炒芦笋_0|干煎带鱼_1|蟹黄蛋酿橙_1|菠萝牛柳_0|一品开背虾_10|杭三鲜_0|西湖牛肉羹_0|乡巴佬鸡_2|酸萝卜粉丝_1|脆茄子_2|孜然羊排_0|娃娃菜_0|蒜泥鸡爪_0|美极虾汤蟹_0|肉汁萝卜_1|薄饼豉油肉（小份）_1|松露豆腐_3|梅味手撕茄子_1|冰淇淋烤布雷_23|秘制碳烤肉_2|蛋黄鸡翅_38|杭椒爆炒牛肉_1|春卷_0|荠菜菌菇冬笋_0|得意汤_1|鱼羊鲜_2|蒜蓉粉丝蒸扇贝_1|清炖牛肉_1|冰桔茶_0|当红小炒肉石锅饭_0|酸菜鱼_3|白灼菌菇菜心_8|肉末水蒸蛋_1|石锅肥牛_1|鸡翅凉面_0|蛋毯日本豆腐_5|辣椒小炒肉_2|竹林鸡_0|巧拌菜_0|特色大鸡爪_0|干锅花菜_0|糖醋排骨_6|竹园鸡_1|西湖宝塔肉_3|香酥鸭_3|原味笋丝_0|梅香肉汁手撕茄_1|响铃脆响肉_0|家烧白丝瓜_0|脆皮西湖醋鱼_0|白切鸡_0|脆炸黄米汤圆_0|缤纷冰粉_1|腌笃鲜_2|鸡丝凉面_2|水果拼盘_1|荷包蛋素鸡_0|东坡肉_3|葱油鲈鱼_0|老油条的鱼香肉丝_8|石锅牛蛙_3|铜盘花蛤_1|蜜汁藕片_0|梅菜汁烹大虾_1|杭椒黄牛肉_4|,1123417034.0,世纪大道,71/人,口味:4.3 环境:4.5 服务:4.4 ,4.5,19121869679|50793985,20838.0,0.0,,百联世纪店,距地铁2/4/6/9号线世纪大道站2号口步行350m,自由贸易试验区张杨路982号百联世纪购物中心地下一层,121.52344,31.232304,周一至周日 10:30-14:00 16:30-21:00,,
l2RpJlqlzH0r6oxE,桂满陇陌上花开,美食,本帮江浙菜,浙菜,浦东新区,八佰伴,0,1,0,1,0,0,,1,0,0,0,八佰伴  浙菜,"“性价比超高,吃了无数次的江浙菜”",八佰伴本帮江浙菜好评榜第10名,,5.7万人,创意十足_可自提_隐于浮世,蜜汁黑叉烧_5|辣子鸡丁拌饭_1|话梅花生_12|暖冬蜂蜜柚子茶_4|肉松鱼香肉丝_3|客家梅干菜蒸肉_3|招牌虾仁酸菜炒饭_36|招牌鲜汁排骨_21|辣炒牛肉_19|绍兴算盘子_7|甜筒牛油果沙拉_17|水蜜桃汁_2|济公叫花鸡_33|芝士焗南瓜_10|大盘水煮牛肉_4|鲜小排_27|红糖麻糍_1103|黄酒豆腐冰糕_26|寿司糯米鸭_240|公主素蟹粉_1571|椒盐牛蛙_71|咸蛋黄薯条_668|胡味油爆虾_875|桂花龙井_4|香辣小龙虾_6|东坡肉_1652|孜然菠菜_91|青口贝_1|火烤非遗年糕_19|黄飞鸿臭豆腐_43|生煎包_5|西施豆腐包_6|蒜蓉粉丝蒸秋葵_8|牛油奶昔_4|南乳花蛤_294|金刚流沙包_115|沸腾鱼蛙跳_101|东坡半边鸡_194|吮指鸡爪_2789|石锅沃豆腐_647|龙井凤尾虾_42|干捞粉丝虾_28|鸡丝拌面_1018|镇店沸腾鱼_111|龙杯_38|南乳空心菜_344|乾隆鱼头汤_67|龙碗_462|荷田冰粉_348|椒麻鸡_8|风肉炖千叶豆腐_1|茶树菇烧老鸭_2|老杭州芝麻糊_11|宫保诸暨藕丁_10|鸡汁杭州小笼_52|糖醋裹脊_1069|炸臭豆腐_11|米酒慕斯_2|手捏菜炒蘑菇_1|毛豆_7|蟹粉拌面_4|十里花雕醉甜虾_22|植物肉杭州臭豆腐_3|梅干菜六月黄_7|上汤燕麦煮菠菜_7|薏米菠菜_1|小圆子_17|糖醋肉_2|鱼头豆腐汤_1|蟹黄薯条_2|清蒸白条_1|招牌素蟹粉_1|鸡爪子_5|小米酒_1|油渣生炒菜心_2|红烧肉_34|鸡汁拌面_4|咕咾肉_5|杨梅_15|干锅香菇花菜_145|西湖藕韵_1|桂花糖醋里脊_11|柠檬酸菜鱼_2|大煮干丝_13|九制话梅御鸭_3|古法西湖醋鱼（桂鱼）_294|茴香烤鸡_1|鸡汁凉面_46|江南小炒野菜_8|手撕包菜_154|锡纸炒米线_1|软心京枣_1|石锅烫豆腐_91|桂雨山药_1|西瓜汁_8|番茄鱼_1|沸腾海鲜饭_28|南腐乳蛤蜊_19|腐乳空心菜_9|碳烤生蚝_1|翡翠葱煎包_5|炒凤尾虾球_2|香葱吴山烤鸡_429|东坡米线_12|肥肠_20|清蒸白水鱼_11|慕斯豆腐_2|雪花晶尊啤酒_1|衢州香辣鸭头_1|鱼皮香菜_2|贵妃醉黄桃_3|梅干菜煎饼_2|寿司鸭肉_4|西湖牛肉羹_52|石锅杭椒牛蛙_148|烟熏乳鸽_5|烤榴莲_15|南宋宫廷奶酪_6|冰镇苦瓜_1|人生四味_5|酒香草头_1|糖醋鱼_14|糖油糍粑_5|西湖藕饼_12|百合白粥_1|韵味鸡爪_26|翡翠海鲜面疙瘩_245|桂花酸梅汤_2|桂花年糕_1|红糖麻粢_4|杭州片儿川_31|爆浆色拉甜筒_136|黄酱千岛湖鱼头王_2|野菜米果_12|毛蟹炒年糕_1|仙霞山铁皮石斛汁_3|咸蛋黄土豆条_1|小吊梨汤_2|叫花童子鸡_126|桂花米酒_57|盐烤小土豆_1|青柠苏打_1|一品虾_22|花桥鱼头汤_5|桃花酒酿_54|米汁_1|天目湖鱼头_3|盐烤鸡翅_2|鸡丝冷面_7|水煮鱼_15|镇店黑酒_3|羊棒_23|糖酥里脊_70|椒麻小海小鲜_1|黑糖麻糬_1|铁板孜然烤肉_9|干煸临安时笋_1|黑珍珠枸杞茶_1|干锅千页豆腐_16|野菜青圆_3|风味炒米饭_1|白灼广东菜心_5|南汤豌豆苗_1|明火酸菜鱼_34|镇店卤脆肠_24|龙井凤尾虾仁_237|茶树菇炒八爪鱼_31|西湖龙井_3|火焰米线_1|烤鸭_23|葱香蚕豆_32|回锅手掰藕_5|胡椒虾_2|西湖蜜汁藕_37|薄荷龙井_1|龙羊酒酿馒头_60|银芽_1|踏雪寻梅_1|手撕鸡_13|宋嫂鱼羹_7|剁椒蒸鱼块_1|黄花鱼乡铃_1|烧汁秋葵_9|龙虾麻婆豆腐_2|酒酿馒头湖南小炒肉_54|黄椒酱蒸金针菇_9|榴莲花魁_2|臭豆腐毛豆配芒果蛋黄_2|干炸带鱼_30|杨梅青瓜球_1|鸡汤煲_1|韭香黑毛肚_1|烤脑花_2|01%鲜榨胡萝卜雪梨汁_1|海鲜菜泡饭_4|手工豆腐冰糕_7|铁皮石斛蒸蛋_3|金桔蜜柚_1|蹄花汤_1|豆花布丁_23|石锅青椒牛蛙_1|板栗牛肉_1|鸡汁钱江白条_19|铁皮石钭牛肉_2|草扎肉_236|沸腾石锅牛蛙_1035|铁板茴香烤肉_2|面疙瘩汤_9|辣椒小炒肉配酒酿饼_7|金汤鲜椒鱼_8|奶黄包_3|蟹蒸蛋_1|蛋黄土豆丝_24|香辣豆棍_1|桂花酒酿圆子_12|豆角_2|西湖藕粉_61|杭州猫耳朵_2|黄金蛋黄土豆_32|风味卤猪蹄_3|钱塘江白丝鱼_1|辣炒花蛤_6|花菜煲_1|葡萄诱惑_1|南乳文蛤_12|老妈蹄花_3|野菜青园_2|糖醋里脊肉_85|臭豆腐毛豆芒果布丁_1|古法酸梅汤_53|脆皮卤大肠_6|盐烤大虾_1|清蒸大闸蟹_3|手工桂花茶_5|原生竹林鸡汤_9|炸榴莲_42|风味奶白菜_1|龙井茶点_1|某色拉_7|杭州雪媚娘_1|古越文火牛肉_94|卤凤爪_10|时果酒酿圆子_86|双椒杏鲍菇_1|西湖老酸奶_39|石锅冬瓜_3|海鲜疙瘩汤_10|椒麻鱼片_5|鱼头配菜_1|杂粮饭_23|金汤杭三鲜_294|倒笃蒸大闸蟹_1|芒果冰爽_21|油炸响铃_2|风干肉炖野山笋_1|竹筒剁椒牛蛙_1|乳酪酸奶_9|茴香烤土猪肉_5|手红茉莉花茶_1|广式秋葵_2|一桶奇味虾_4|辣螺_1|仙草汁_13|时蟹炒年糕_1|干锅毛血旺_1|虫草椰子炖乌骨鸡_1|蕃茄小牛肉_1|苏小小卤豆腐_17|自磨五谷豆浆_3|龙洋酒酿馒头_16|花雕醉成鸡_1|椒麻草鸡_1|荷仙姑野生菌汤_1|黑金流沙包_18|酒香酱带鱼_1|海鲜汤饭_4|椒麻小贝壳_28|岭南豆豉娃娃菜_2|小烤肉_5|香草香芋_1|干香舟山小土豆_5|手工茉莉花茶_7|分子菠菜_3|芝麻口水鸡_59|蒜蓉粉丝蒸娃娃菜_59|西湖烧素鹅_13|花甲_13|黑芝麻糊_7|肉藕饼_2|临安爆炒肉_1|古法滋补原味叫花鸡_2|秀才花生_1|气泡米酒_17|红葱头淋秋葵_10|花雕烤鱿鱼_15|香葱吴山烤鱼_9|椒麻蛤蜊_2|粉丝煲_5|河田冰粉_2|桂花藕粉_8|吮指鸡瓜_1|红糖冰粉_2|绍兴臭豆腐_3|蔬菜色拉_3|红烧乾隆鱼头_6|葱油大黄鱼_1|蟹粉捞饭_1|招牌油淋黄鱼_1|龙井烤奶_7|花雕萝卜红烧牛腩锅_1|茶树菇炒鱿鱼_3|鸡汁脆笋_4|桂花熏鱼_24|鲜榨芒果汁_2|桂花糊_2|红豆汤_1|藜麦沙拉_2|宁波手打年糕（青菜肉丝）_9|青菜鸡蛋炒年糕_2|麻辣鸭血_1|酸菜炒饭_8|蟹黄茄子_7|宁波炒年糕_10|翡翠鱼米羹_1|孔乙己臭豆腐_1|凉粉_46|宫保龙井虾仁_2|招财椒盐猪手_6|鸡汁白叶包单人餐_1|素鸭_1|江南花田_63|榴莲酥_8|海鲜石锅泡饭_3|长寿面_27|霸王辣蟹_2|牛油果奶霜_12|蟹粉豆腐_3|糯米藕_5|五花肉_1|东波肉_1|腐乳花蛤_3|胡椒油爆虾_17|羊排_3|牛油果_29|灵隐素烧鹅_4|XO酱爆炒西葫芦_7|杨枝甘露月饼_1|燕窝爆浆月饼_1|植物肉春卷_1|梅干菜植物肉燥小面_2|青菜肉丝炒宁波手打年糕_3|临安爆炒肉配酒酿馒头_2|秘制沸腾虾丸子_59|锅气香菇花菜_3|椰汁薏米水_1|秘制沸腾鱼_9|黑胡椒烤叫花鸡_2|牛油果山楂_2|西葫芦素烧鹅_16|蜜烤红薯_4|老杭州葱油饼_66|浓汤菜心_4|鸡汁三丝羹_40|青柠荔枝_11|麻椒脆毛肚_8|东坡鸭_7|泉水鸡_1|海带结_6|西兰花_2|油沏普洱_2|猪油渣炒菜心_17|蔬果大拌菜_1|烧鸡_4|面包片_3|梅干菜龙虾_1|扣三丝_6|剩菜_2|桂花冰酿蒸大闸蟹_2|扬州炒饭_6|脆皮肉配手工卷饼_1|古法红豆沙_7|油切乌龙_4|菠萝油条虾_1|松茸牛肉焖饭_1|蟹粉大汤包_74|鸡汤小笼包_2|桂花糖藕_2|蒜香菜心_1|咸蛋黄焗茄子_2|茶香小酥肉_1|黑椒牛肉粒_15|,77004673.0,八佰伴,100/人,口味:4.5 环境:4.7 服务:4.5 ,4.6,13023158072,10271.0,0.0,,浦东八佰伴店,距地铁9号线商城路站2号口步行370m,张杨路501号八佰伴7楼,121.512993,31.229985,周一至周日 10:30-21:30,2017年1月,
l5vErBvkPVkERYyV,上海会馆,美食,本帮江浙菜,上海本帮菜,浦东新区,世纪大道,0,1,0,0,0,0,,1,1,0,0,世纪大道  上海本帮菜,,世纪大道本帮江浙菜好评榜第4名,,,小资情调_古典清韵_复古主题餐厅_有儿童游乐区,红烧划水_185|青柠柚子茶_2|芝士焗海螺_1|橄榄菜豌豆_2|口水肥牛_1|上海生煎包_23|迷你百叶包_2|苔条黄鱼_1|鸡火煮干丝_6|糍饭糕_21|虾籽手打面筋_5|油面筋_1|凉拌核桃粒蕨菜_1|川香肥牛_2|咖喱膏蟹_28|芥末芥兰_4|黄鱼汤_2|扁尖火瞳老鸭汤_25|红烧牛筋_17|美芹仙贝_1|冰桔茶_2|水果拼盘_2|豉汁扇贝王_1|松子桂鱼_140|酒酿小圆子_131|虫草菌火瞳娃娃菜_3|蘑菇汤_1|小青龙_1|元宵汤团_2|清炒蟹粉_21|芝士焗明虾_1|鹅掌_1|菌菇盅_3|早溜桂鱼片_1|南瓜_1|铁板黄油扇贝_2|黑胡椒烤牛肉_2|老醋海蜇头_14|话梅长生果_2|蒜枣河鳗_1|油炸九肚鱼_1|红烧肉熏鱼_1|风尾河虾仁_1|砂锅闷甲鱼_2|翠溜山药海参_1|酸汤石鸡_2|古法四喜併盘_2|蒜蓉粉丝蒸竹蛏皇_6|咸菜春笋蒸鲳鱼_1|月饼_1|清炒豆苗_1|天鹅酥_1|羊肉煲_4|烤鴨_1|茉莉花熏小黄鱼_19|黑松露迷你蔬菜包_2|冷菜拼盘_37|松茸炖鸡汤_4|传统三林肉皮汤_23|梅干菜红烧肉_8|石窝蟹粉豆腐_2|红酒鹅肝果_2|爱心小米糕_3|炸藕饼_7|桂香糯糖藕_83|砂锅咸肉菜饭_33|虾仁两面黄_14|上海小笼包_35|葱油芋艿_22|雪梨汁_2|开洋干烧刀豆_38|上海油爆虾_12|家乡板栗烧老鹅_3|麻酱油煎大馄饨_69|老卤小素鸡_1|本帮扣三丝_126|黑木耳_4|酱麻油猪肚黄瓜_3|手工豆腐煲_1|双虾捞面_2|猪肝炝菠菜_2|鱼冻_1|荠菜肉丝年糕_7|豉油炝花菜_1|熟醉六月黄_5|咸蛋黄明虾球_17|招牌椰皇咖喱蟹_10|干烤大明虾_4|招牌生煎包_639|蚝油滑牛肉_4|葱油拌面_1|苏北老母鸡_1|油煎八宝饭_9|葱烹鸦片鱼头_1|特色酒香鲥鱼_1|荠菜肉丝豆腐羹_1|清炒草头_1|蜜汁火肪_4|超嫩牛排_3|牛仔骨_3|杨枝甘露配擂汤圆_15|酱牛肉片_1|镇江肴肉_10|蜜炙火腿_1|荷塘月色_4|酒香饼_1|红烧羊腩煲_3|蒜蓉小鲍鱼_2|原汁苏北草母鸡_454|佛门素鹅卷_9|油煎菜肉大馄饨_5|荷包蛋扣嫩笋_6|桂花糖莲藕_17|本帮酱香鸭_17|蟹粉烩豆腐_751|鸡米小炒甜豆_4|翠溜腊味芋艿_2|精品毛血旺_61|翠炒手工年糕_13|牛肉酱油蛋炒饭_1|五谷捞辽参_7|砂窝咸肉菜饭_1|黑胡椒野菌牛仔骨_20|翅汤野山菌_7|糟香溜鳕鱼_1|风味椒盐猪手_3|砂锅鸡油菜饭_92|糟溜桂花鱼_4|炭烤泰式仔鱼_1|红豆鲜奶冻_1|鸡毛菜_10|干煸虾球_1|酸辣鱼片_1|蜜汁叉烧酥_15|扁尖辣汁牛腱肉_3|淮扬卤素鸭_7|家乡咸草鸡_19|超级美国牛肋排_4|弄堂煎藕饼_11|殷桃鹅肝果_1|三巴酱四季豆_7|清蒸笋壳鱼_16|开洋炒四季豆_1|香卤糟三鲜_10|香干马兰头_26|玫瑰油爆虾_93|芝士焗扇贝王_1|法式鹅肝牛柳粒_1|鸡汤菜肉大馄饨_5|鸭下巴_10|枣香莲藕_5|红烧蛔鱼_1|全家福_16|蚝皇扒鱼面筋_1|清炒丝瓜_1|上海青_1|童年葱烤大排_11|桃园散养三黄鸡_102|波士顿龙虾_3|手工墨鱼糕_1|鱼面筋笃双笋_25|馋嘴蛙蛙跳_14|炭烤A级羊排_14|农家白糖糕_8|招牌酒香鲥鱼_7|香烤牛蹄筋_9|豆豉鲍鱼_3|干捞粉丝蟹_3|鸡头米虾仁_3|传统炝腰花_76|普洱核桃肴肉_2|油渣渣广东菜心_2|猪肚肺头汤_1|毛蟹年糕_92|清蒸鲥鱼_138|松鼠桂鱼_90|弄堂粢饭糕_140|会糟三样_2|荠菜山药元贝羹_24|阿婆红烧肉_96|蟹粉面疙瘩_3|京酱肉丝夹饼_20|米汤鲜核桃浸时蔬_4|香煎菜肉大馄饨_9|耗油鳝丝_34|啤酒牛蛙煲_20|八宝辣酱_110|四喜烤麸_59|荠菜百叶包_1|樱桃鹅肝_72|云豆_1|捞汁海鲜烩_2|芸豆_1|脆溜辣味芋头_1|雪燕鲜奶冻_5|猪肝炒时蔬_10|菌菇烧水晶粉_3|古法白肺大鱼头汤_62|秘制水库大甲鱼_11|家烧鹰嘴虾_3|鸡汁青菜钵_2|黄鱼小馄饨_2|法式鹅肝酱_8|金牌菜泡饭_20|香煎藕饼_25|葫芦鸭_11|翅汤酸菜大鲍鱼_3|水晶虾仁_7|碳烤牛排_1|上汤竹荪_4|水晶面疙瘩_1|浓汤煲仙鲍_3|小瓜炒天鹅肉_2|番茄土豆排骨汤_11|清炒河虾仁_110|京酱肉丝包饼_1|油浸笋壳鱼_1|鲜榨饮料_1|红烧狮子头_1|咸蛋黄虾仁_4|海皇干捞粉丝煲_3|古法熏鱼_22|莲子清炒虾仁_2|上海咸草鸡_3|山葵沙律大虾球_1|水晶蔬菜肴肉_2|蒜茸粉丝蒸竹蛏王_44|葱姜炒青蟹_6|肉汁煨萝卜_3|小葱拌海蜇_2|四喜拼盘_3|炒鳝丝_1|凉拌海蜇_2|五花肉_1|小青菜_1|白斩鸡_17|素菜色拉_1|丝瓜蛤蜊_1|番茄面筋丝瓜_2|一品河鮮匯_5|老上海土豆色拉_28|三丝脆春卷_18|一锅河鲜汇_1|松籽大桂鱼_1|记忆中的面拖蟹_10|糟卤三拼_2|腊味糯米葫芦鸭_16|老大房糟三拼_1|糖醋肋排骨_375|京拌海蜇头_3|豆苗圈子_3|儿时的糖糕_4|木瓜雪蛤_1|白切走地鸡_7|话梅花生_2|蟹粉年糕_4|炝虎尾_1|椰汁咖喱蟹_17|上海炒面_39|鸡汁百叶包_41|口水鸡_11|清炒莲心_1|金牌虾籽大乌参_4|桂花条头糕_1|雪菜炒笋尖_5|鸡汁鱼肚萝卜丝_1|龙虾泡饭_21|波龙_1|煎酿手工豆腐_31|花鲢鱼头汤_5|自招牌黑椒牛肉粒_2|蟹粉豆腐煲_8|椰皇咖喱虾_3|一品香芋煲_6|扬州狮子头_1|蒜蓉扇贝_24|碳烤猪筋肉_1|素菜包_1|农家炖三鲜_3|阿婆豆腐圆子_1|瑶柱娃娃菜_12|水煮江团_1|鸭舌头_3|冬笋塔菜_1|浓汤蛏仁鳝鱼鲜_1|龙头烤_1|干炒膏蟹粉丝_1|荠菜腊味芋艿_3|拆骨咸鸡_1|面包蟹_1|香茜拌嫩笋_9|鱼籽酱烟熏蛋_12|泰式酸辣凤爪_1|腰果酥_6|紫薯泥_1|芝士焗蘑菇_2|干烧明虾_1|碳烤牛肋_18|脆皮九肚鱼_30|酱香大鸭舌_13|文火五香牛肉_2|招牌黑椒牛肉粒_1010|江河一锅鲜_2|蟹粉扒河虾仁_43|烧椒松花蛋_5|扁尖竹笋蛋干_1|生腌黄瓜脆_1|椒盐里脊_1|失传的糖饺_4|黑椒鲍鱼牛柳粒_4|芥兰桂花蚌_2|蟹黄小笼包_2|芝士焗蛤蜊肉_1|海鲜酸辣汤_17|糯米鸭方_1|炭烧猪颈肉_11|卤煮百叶_1|扬州炒饭_8|酒香草头_89|油爆河虾_22|炒杏鲍菇_8|开背虾_14|蜜汁莲藕_1|三鲜汤_5|臭豆腐_2|有机花菜_13|竹叶虾_1|香米饭焗蟹_2|元宝虾_5|腌笃鲜_53|酱烤茄子_2|肥肠苋菜_5|炭烤猪颈肉_12|特色烤籽鱼_12|凉拌萝卜皮_1|咸肉白笋干_1|本地三黄鸡_2|鲍鱼菌菇汤_4|鲍鱼红烧肉_14|龙虾糯米饭_11|葱爆大排_3|琥珀酒酿丸子_11|鱼子酱烟熏蛋蛋_3|清炒手剥蟹粉_1|酒糟鳕鱼_7|咖喱什蔬_2|肥肠鸭血煲_1|裙边拌双笋_6|油爆虾拼虾仁_10|老上海熏鱼_1697|老上海罗宋汤_14|虾籽酱萝卜_7|鱼汤手擀面_1|芒果椰汁紫米捞_6|外婆红烧肉_1464|芝士焗扇贝_420|酸汤肥牛_56|东瀛素鲍鱼_46|鲍汁凤爪_4|淮扬小笼包_3|生菜_2|酸菜烩鲍鱼_4|榴莲酥_53|叫花鸡_33|翅汤雪花鱼_1|野生鮰鱼_1|八宝鸭_3|翅汁鲑鱼_1|豆豉扇贝_2|色拉栗子_1|竹网茶香虾_5|碧绿炒鲜贝肉_6|蟹粉扒菜心_18|莴笋带子_1|安吉笋烧肉_1|馋嘴石鸡_1|荠菜山药溜元贝_18|一品素鲍鱼_12|荠菜鲜肉馄饨_7|糯米藕_6|清蒸鳜鱼_1|蔬菜沙拉_9|清蒸鲈鱼_2|东坡肉_2|鸳鸯天鹅酥_1|现划响油鳝丝_1045|水晶粉_1|燕窝布丁_1|猪肝呛秋葵_1|,5537819.0,世纪大道,161/人,口味:4.5 环境:4.6 服务:4.3 ,4.6,68775958|68775017,8850.0,0.0,,九六广场,距地铁2/4/6/9号线世纪大道站11号口步行600m,东方路796号96广场2楼,121.520022,31.229146000000004,周一至周日 11:00-14:00 17:00-21:00,2012年1月,
H2Ztmat2H2UAMDNG,姜君·千岛湖鱼头馆,美食,本帮江浙菜,苏浙菜,浦东新区,源深体育中心,0,1,0,0,0,0,,0,1,0,0,源深体育中心  苏浙菜,"“终于修好的浦东大道,宝藏餐厅浮出水面”",源深体育中心美食好评榜第3名,,1.1万人,美团充电宝_团队包场_10人以下包厢,笋干烧肉_4|火红辣牛肉_4|千岛湖白啤_2|米茜_2|水果_7|千岛湖桂花糕_274|冰淇淋山药_42|芒果鲜奶派_4|爽口海螺头_2|玉米汁_13|鸡汁菜苋_130|羊肉_7|锁鲜椒脆肠_5|土猪肉_35|家乡咸鸡_2|凉拌养生黑花生_3|鸳鸯糍粑_2|剁椒鱼泡泡_3|黑醋松板肉_1|脆皮鲜奶_1|炒螺蛳_18|手撕鸡_6|凉拌黑木耳_1|黑椒牛仔骨_15|黑松露焗虾仁_137|麦片菠菜_1|千岛湖招牌鱼头砂锅_353|本帮熏鱼_60|土匪麻鸭_5|猪肝_1|贝勒爷爆肥羊_1|椒麻小美蛙_1|炒米苋_2|杭白菜炒腐衣_3|芒果玉米慕斯_1|甲鱼_7|鱼头豆腐汤_11|酸梅汤_1|红烧肉_14|带皮黄牛肉_3|白灼芥兰_8|金牌凤爪_28|自制黑豆腐砂锅_82|艾草香米糕_422|姜君千岛湖鱼头_1002|佛门素烧鹅_19|冰皮猪手_16|沸腾东星斑_14|响油鳝丝_17|千岛湖煲干笋_1|蛏子秋葵_2|砂锅荔浦芋头_86|小炒皇_1|豆豉鲮鱼油麦菜_4|白切散养鸡_2|冷菜拼盘_1|黑面窝窝头_2|干锅花菜_3|韭香酥肉_11|蒜蓉粉丝蒸小目鱼_11|蜜汁红薯_2|剁椒千岛湖鱼头_4|清蒸竹笋壳鱼_1|金沙藕饼_65|椒藤牛蛙_4|千岛湖笋干煲_419|捞汁八爪鱼_1|酱椒鱼头配面_3|毛豆_9|糯米果_1|酱爆脆皮乳鸽_19|蒜蓉空心菜_2|酒酿圆子_3|咸蛋黄锅巴_21|草头_15|炒葛粉_4|干煸四季豆_14|冰粉_2|酱椒千岛湖鱼头_19|鸡丝凉面_4|红糖糍粑_2|秘制带鱼_2|年糕毛蟹_1|油爆虾_16|酒酿蓝莓米糕_1|扇贝_7|荠菜烩双菇_1|蜜椒澳排配葱香饼_10|金奖酱鸭舌_1|芝士薯留香_10|酸菜肥肠_1|芝士烤南瓜_6|酱汁黄瓜_1|花生芽爆猪肚_2|臭鳜鱼_25|毛血旺_21|玉米慕斯_138|臭豆腐_1|清炒米苋_1|姜君陈年太雕鸡_303|三鲜面筋煲_1|土鸡煲_2|牛油果油条虾_8|糖醋海蜇头_19|野山蒜澳排_369|酱椒鱼尾_26|炝花蛤_24|黄鱼卷_4|燕麦煮菠菜_29|米饭_7|茶树菇爆炒猪颈肉_1|墨鱼仔_8|越式极品黑椒牛肉粒_8|热呛腰花_3|酥皮大虾_28|卤鸡爪_2|网皮锅贴_4|凉拌黄瓜苗_2|五香纸皮核桃_1|沙蒜捞豆面_2|油浸蚕豆_1|蓝莓山药_3|柠檬水_1|广东菜心_4|可乐_1|农家小炒肉_21|糖醋小排_31|腌菜炒黄牛肉_19|沸腾鱼片_8|招牌千岛湖面_1|原味雪花牛肋骨_7|,106646803.0,源深体育中心,137/人,口味:4.8 环境:4.5 服务:4.6 ,4.7,58322879|17317605215,1353.0,0.0,,浦东大道店,距地铁14号线源深路站1口步行220m,浦东大道844号,121.52388700000002,31.24256,周一至周日 10:30-14:00 16:30-21:00,2018年5月,
l6l7VAGZaXevZ0Ig,绍兴酒馆·本帮·浙菜,美食,本帮江浙菜,浙菜,浦东新区,八佰伴,0,1,0,1,0,0,,1,1,0,0,八佰伴  浙菜,"“给人一种大隐隐于市的体验,宝藏店铺”",,,,古色古香_复古主题餐厅_20人以上包厢_双人包厢_有充电线,臭豆腐煲_1|绍兴八仙_5|白斩鸡_35|油炸臭豆腐_109|艾草香米糕_2|香酶蒸双臭_3|杏鲍菇牛仔粒_4|醉枣_2|香椿苗拌豆腐_2|美极石耳_1|梅子酱排骨_1|石锅肚丝_6|双味炖蛋_1|粗粮玉米饼_2|醉熟蟹_17|鲁园红烧肉_10|西芹火龙果目鱼卷_1|十年女儿红_20|冰甜糯米酒_67|盐焗蝽子_4|鸡汁冬瓜卷_1|绍兴臭腐乳_1|百威啤酒_1|兰亭醉鸡_51|全家福_3|雕王酒_3|清蒸白水鱼_53|石锅牛蛙_6|咸肉蒸臭豆腐_9|大厨啤酒鸭_1|酶干菜爆河虾_3|迷迭草美味虾_3|养生珍菌汤_2|海鲜炒菌菇_4|美鲜春笋炖竹菇_2|菜肉馄饨_1|绍兴酱肉_1|烧汁茄子_15|面拖小黄鱼_2|脆香肉卷_1|芋奶小排煲_5|芙蓉菌菇茉莉花_1|老卤猪肝_2|酸辣汤_1|荷塘笋壳鱼_1|梅菜扣肉夹饼_6|咸肉菜饭_7|金汤海鲜面疙瘩_37|三套狮子头_14|松子鲈鱼_19|三十年陈古越龙山_1|凉拌鱼皮_1|干锅鱼头_1|荸荠排骨煲_1|沽洒牙签肉_7|马兰头香干_1|韭菜炒蛤蚬_5|杭椒鸡柳_1|炝河虾_3|来财鸭_1|炝花生_13|荠菜山药_5|米兰虾饼_1|香酥鱿鱼圈_2|麻辣鱿鱼排_1|黄金蟹钳_1|金丝香芋酥_1|海苔多春鱼_2|深海鳕鱼排_2|鲜炸春卷_2|小龙虾_1|酒酿圆子_2|红烧肉鳝筒煲_1|花雕鸡汤_2|香酥猪手_1|双菇浓汤烩猪肚_1|蘑菇酱汁培根卷_1|酱鸭肫_7|鸡汁百叶结_3|芦笋虾仁炒山药_2|来黄瓜_1|花蛤炝猪肝_19|竹林散养土鸡汤_1|盐焗蛏子_1|青梅酒_2|毛豆炒鸡胗_1|红枣南瓜_1|茶树菇猪颈肉_1|香橙蟹粉糊_1|野生木耳_1|臭千张_1|芦笋山药扇贝肉_4|河蟹蒸咸肉_1|羊肉夹馍_1|荷塘虾肉藕饼_70|生菜_4|蟹粉豆腐_2|桂花酒_7|螺蛳_72|黄酒_147|花雕酒_147|茴香豆_213|梅菜豆角_3|至尊牛仔粒_7|醉香螺_7|时蔬鸡汤面_2|梅干菜扣肉_8|干锅鸭_1|虾蟹一锅鲜_122|香烤鲈鱼_2|炒面_3|番茄虾仁豆腐煲_1|老醋海蜇_3|农家炒蚌肉_1|丝瓜蛤蜊豆腐汤_1|孜然脆骨_1|黄金片藕_1|回鱼鱼翅_2|爆炒腰花_7|鱼头汤_1|南乳蒜香肉_26|酶干菜煸四季豆_6|绍兴醉鱼烧毛豆_1|清一囗本色女儿红无焦糖_2|荠菜肉丝年糕_4|横行侠遇上花雕王_1|鲍鱼烩年糕_5|桂花甜酒酿_2|土豆青椒丝_1|菠萝炒饭_1|三黄鸡_98|海鲜蛤蜊汤_1|田螺_3|糖醋樱桃小萝卜_4|池塘嫩藕苗_1|蟹粉煮干丝_2|棒棒虾_3|,4111358.0,八佰伴,111/人,口味:4.2 环境:4.2 服务:4.1 ,4.2,58776289,993.0,0.0,,八佰伴店,距地铁6号线浦电路(6号线)站4号口步行740m,南泉路378号,121.517881,31.221951,周一至周日 10:00-14:00 16:00-01:00,2010年5月,
l69ss3yH3kLCeWbg,桂满陇-南宋御街,美食,本帮江浙菜,浙菜,浦东新区,陆家嘴,0,1,0,1,0,0,,1,0,0,0,陆家嘴  浙菜,"“周末看完东方明珠夜景,下塔直奔正大”",,,2.5万人,可自提_付费停车_小桥流水_商场餐厅,沸腾鱼蛙跳_0|我们都爱吃糍粑_0|蜜桃酒酿_0|鸡枞菌炒米线_0|宫保虾仁_0|红葱头淋秋葵_0|椒盐牛蛙_0|杭州臭豆腐_1|饼包肉_0|牡蛎豆面_0|龙井茶_0|酸汤鱼_0|葱花饼_0|龙井凤尾虾仁_6|杭州片儿川_0|坛装女儿红一壶_0|荷塘小炒_0|椰汁芋头南瓜_0|长寿面_0|石锅杭椒牛蛙_8|腐乳花蛤_0|杨梅汁_1|脆皮肉配手工卷麦饼_0|奥尔良鸡翅_0|荔枝_0|西湖老酸奶_0|梅干菜小龙虾_0|秘制沸腾鱼_0|鲜榨草莓汁_0|蒜香有机菜心_0|龙杯米酒_0|鲜三黄鸡_0|鲜汁肉包_0|鲜小排_0|小龙虾_0|胡味油爆虾_3|葱香蚕豆_0|茶树菇炒鱿鱼_1|儿童餐_0|爆炒江山鸡_0|奇鲜千岛湖鱼头_0|书生大油条_0|红烧狮子头_0|黄豆猪脚_0|鲜橙雪花牛肉_1|冰镇糖醋里脊_9|桂花酒酿蒸大闸蟹_0|老杭州葱油饼_1|招牌虾仁酸菜蛋炒饭_0|水蜜桃汁_0|乌镇酸菜鱼_2|秘制沸腾虾丸子_1|古法滋补原味叫花鸡_1|青菜肉丝炒宁波手打年糕_0|锅气香菇花菜_0|茶树菇炒八爪鱼_0|山药养颜粥_0|火烤山羊棒骨_0|鸡汁脆竹笋_0|尖椒肥肠_0|水煮大盘牛肉_0|桂花冰粉_0|荷田冰粉_2|农夫山泉水煮白米饭_0|燕麦奶汤有机菠菜_0|桂花精酿啤酒_0|气泡米酒_1|招牌桂花熏鱼_0|八宝陇粽_0|肉沫炖蛋_1|八戒猪脚踩鲜鲍鱼_0|古越文火牛肉_0|蟹粉黄鱼馄饨_0|娃娃菜_0|手捏菜炒口蘑_0|酸梅汤_2|招牌葱香油淋黄鱼_0|油渣生炒菜心_0|算盘子_0|桂花糖醋里脊_2|水煮鱼_0|西湖牛肉羹_0|龙羊酒酿馒头_1|吴山香葱烤鱼_0|泉水牛肉_0|寿司糯米鸭_2|秘制桂花酸梅汤_0|镇店沸腾鱼_3|炒秋葵_0|南乳空心菜_0|六月黄_0|梅干菜六月黄_0|芝士焗红薯_1|扬州炒饭_1|芹香酸菜鱼_0|家烧乾隆鱼头_0|公主素蟹粉_4|红糖麻糍_4|龙碗_1|鸡丝拌面_0|蟹粉大汤包_1|吮指鸡爪_5|黑胡椒烤叫花鸡_0|金汤杭三鲜_1|桂花冰酿_0|羊棒骨_0|宫廷蟹粉捞饭_0|蟹黄金干拌面_0|宋嫂黄鱼羹_0|清蒸大闸蟹_1|乾隆鱼头汤_0|干锅丽水香菇花菜_0|东坡肉粽_0|玉簪糖醋茄子_0|宫廷栗子白菜_0|琼浆玉液_0|椒麻贝壳_0|东坡半边鸡_5|招牌鲜汁排骨_0|石锅沃豆腐_6|扬州大煮干丝_3|姜汤_0|南乳花蛤_1|耦粉_0|东坡草扎肉_7|吴山烤鸡_0|龙井烤奶_0|酒酿圆子_1|养生铁皮石斛汁_0|红烧肉汁拌饭_0|咸蛋黄焗茄子_2|宁波炒年糕_0|西瓜茉莉汁_0|红烧肉鹌鹑蛋_0|粉丝煲_0|香辣鸭胗_0|青菜炒蘑菇_0|黄金蛋黄土豆丝_0|辣炒牛肉_0|海鲜翡翠面疙瘩_1|花雕泡沫红提牛肉粒_0|开胃爆双肚_0|蒜蓉粉丝蒸娃娃菜_0|梅干菜肉粽_0|藤椒泉水叫花鸡_4|蛋黄黑猪肉粽_0|茉莉花炖蛋_0|红薯叶_0|上汤燕麦菠菜_1|松仁马兰头春卷_0|香椿炒土鸡蛋_0|翡翠鱼米羹_0|孔乙己豆腐_0|西瓜茉莉_0|杭椒小炒肉_0|香菜炒牛肉_1|椒盐小酥肉_1|素蟹粉豆腐_0|芝士焗南瓜_0|椒麻鱼片_0|霉干菜拌面_0|植物肉春卷_0|宁波手打年糕_0|手撕包菜_0|绍兴黄酒奶茶_0|酒酿馒头配小炒肉_0|鸡汁杭州小笼包_0|火焰黑椒牛肉粒_1|满陇桂花茶_0|滋补龙井鸡汤_0|古法西湖醋鱼（桂鱼）_4|香辣鸭头_0|香辣鸭舌_0|香辣鸭腿_0|,131494665.0,陆家嘴,98/人,口味:4.6 环境:4.6 服务:4.6 ,4.6,4008777257|18616926786,4457.0,0.0,,正大广场店,距地铁2/14号线陆家嘴站1号口步行290m,陆家嘴西路168号正大广场购物中心1幢6层6F13A号商铺,121.495579,31.239287,"周六,周日 11:00-15:00 16:30-21:30  周一至周五 11:00-14:30 16:30-21:30",2019年5月,
k1KCHPlrUSZ9IQRm,圆苑,美食,本帮江浙菜,上海本帮菜,浦东新区,陆家嘴,0,1,0,0,0,0,连锁,1,0,0,0,陆家嘴  上海本帮菜,"“看到很多人点烤鸭,毕竟老字号餐厅”",,,4.5万人,隐于浮世_古典清韵_复古主题餐厅_有室内景观,腊八粥_0|蟹粉狮子头_0|至尊扣三宝捞饭_0|鸡汤肉皮_0|酱麻油茄子_0|本帮脆鳝_0|砂锅芸豆煨猪手_0|刀鱼馄饨盆菜_0|圆苑新风鸡_0|油爆河虾_0|三虾蒸蛋_1|姜茸炝三黄鸡_0|莲花母鸡汤_0|脆皮小乳鸭_0|风味猪手_0|上海白斩鸡_0|红烧狮子头_0|酒酿汤圆_0|菊花茶_0|卤蛋_0|九层塔牛肉粒_0|塔雪花牛肉_0|干煎东海带鱼_0|陈皮西洋菜炖唐排_0|鲜虾汤煮蒲瓜_0|蟹粉干捞粉丝_0|红烧酱肉单人餐_0|陈皮酱牛腱_0|酸汤毛血旺_0|松糕_0|糖醋小排_1|香辣蟹_0|邹椒炒松茸_0|松茸娃娃菜鸡汤_0|哥丽娜干红葡萄酒_0|红酒牛腩煲_2|酒酿圆子_2|响油鳝糊_2|芙蓉蟹粉_0|上海酱油鸭_0|圆苑红烧肉拼酱蛋_0|上汤白菜_0|红酒牛肉_0|菠菜双蛋_0|蛋黄豆沙月饼_0|四喜蒲草扎肉_0|青花椒毛血旺_0|上海酱油炒饭_0|熏鱼_3|上海咸鸡_0|冰沙红酒鹅肝_3|黄豆酱肉冻_0|笋壳鱼_0|糍饭糕_1|杨汁甘露_0|圆苑明炉烤鸭_3|热炝虎尾_0|清炒鸡毛菜_0|圆苑红烧肉_10|清蒸银鲑鱼_0|马兰头拌香干_1|糟香鸭舌_0|红烧蹄胖_0|雪菜大黄鱼_1|酸菜牛蛙_0|丝瓜番茄_0|酱萝卜_0|蟹粉西兰花_0|蟹粉小笼_0|蒜枣河鳗_2|水煮牛肉_1|草头圈子_0|开洋葱油拌面_1|精美水果盘_0|红海蛰头_0|圆苑流沙包_2|圆苑双味鲫鱼冻_0|姜茸酒酿花雕蒸苏丹鱼_0|鸡头米炒河虾仁拼芝士南瓜_0|红糖糍粑_0|椰皇炖乌鸡_0|红烧羊肉煲_0|鸡头米炒河虾仁_0|蒜蓉粉丝蒸鲍鱼_0|脆皮乳腐肉包饼_0|山楂红酒鹅肝_0|黑木耳_0|老上海冻鱼_0|鲁拌菜_0|鲍鱼炒饭_1|清炒时蔬_0|番茄酸菜煨鱼片_0|宁波烤菜_0|紫苏四季豆炒肥牛_0|蒜茸粉丝蒸扇贝_0|酒香鲥鱼_0|酒香草头_0|花雕蒸鲥鱼_0|上海酱油肉_0|家烧鲳鱼_0|糖醋鱼枣_1|清炒河虾仁拼糖醋鱼枣_5|蒜香椒盐虎虾_0|咸菜烙牡蛎_0|特色土鸡汤_0|时令水果_0|水煮肉片_0|黑松露香菇包_0|金汤海鲜菜泡饭_0|清炒虾仁_0|烤鳗鱼_0|黑松露珍宝蟹_1|酱香顺风_0|红焖圆蹄_0|小炒酱油肉_0|腊味蒸饭_0|酱香猪蹄_0|桂花糖藕_0|火腿粢饭糕_0|青柠檬鸡汤_0|腌笃鲜_0|虾子春笋_0|黑松露蒸笋壳鱼_1|青团_0|咸菜豆瓣酥_0|油焖春笋_0|春韭樱花虾煎饺_0|文火牛肉_0|脆瓜海蜇_0|焦糖蒜香牛仔粒_0|核桃酥_0|上海炒面_0|超值咖喱鸡腿单人餐_0|松露白汁狮子头_0|鲜贝鹅肝酱烧蘑菇_0|椒麻手撕鳗香_0|黑金叉烧_0|素鸡普香蛋_0|番茄排骨土豆汤_0|三虾炸春卷_0|淮扬软兜_0|冷切素鲍_0|黑木耳拌核桃_0|枣泥拉糕_1|西柠炒鸡柳_0|糟砵斗_0|陈年花雕鸡_1|手拆鳗香_0|春色土豆色拉_1|家焖黄牛_0|宁波醉鸡_0|拿破仑酥鹅肝_0|苏芙哩焗蟹斗_0|鲍汁拼盘_0|鸡煲翅_0|上海葱烤河鲫鱼_0|蟹粉烩饭_0|菠萝咕老肉_0|黄芽菜肉丝年糕_0|蟹黄拌面_0|剁椒茄子蒸小黄鱼_0|风味烧汁黄鱼_0|拆烩蟹粉水库鱼头_0|油墩子_1|清炒豆苗_0|椒盐鸭架_0|鱼头汤_0|心太软_0|金玉满堂_0|什锦面筋煲_0|枣香鳗鱼_0|沙拉汁烤鳗鱼_0|贵妃大皇鸽_0|话梅大头虾_3|本帮爆鱼_2|醉膏蟹_0|蟹粉烩豆腐_2|葱烤萝卜_0|清蒸鲥鱼_1|红米酱鸭_0|文火雪花牛肋肉_3|金牌煮干丝_2|手撕咸鸡_0|糯米红枣_4|蟹粉河虾仁_0|生牛肉炒饭_0|水果拼盘_0|菊普_0|全家福_0|松鼠鳜鱼_0|葱油蚕豆_0|三味牛蛙_0|白饭_0|五香烤子鱼_0|圆苑爬跳汤_0|鲜松茸老鸡汤_0|功夫泉水鸡枞汤_0|风味辣子鸡_0|虾子山药焖凉瓜_0|碧绿炒虾仁（套）_0|圆苑宫廷烤鸭_1|蟹粉桃胶蒸蛋_0|茶位费_0|红梅大头虾_0|酱卤素鸡_0|蟹粉烩鱼翅_0|咸菜烤麸_0|本帮鳝糊_3|金牌榴莲酥_0|话梅冰镇凉瓜_0|麻酱油麦菜_0|招财进宝_0|渔香茄子煲_0|香草汁雪花牛肉_0|帝皇蟹_0|烟肉龙豆_0|红烧鮰鱼_0|荠菜瑶柱黄鱼羹_0|八宝鸭_0|老上海油条牛肉_0|鮰鱼蒜子烤刺参_0|辣臭豆腐蒸冬瓜_0|酱爆猪肝_0|鲜松茸瑶柱娃菜汤_0|刀豆烧土豆_0|西芹秋葵炒芦荟_0|云腿烩金耳_0|糟香三宝_0|开水白菜_0|毛蟹年糕_1|番茄小排萝卜汤_0|本帮条头糕_1|鲜肉生煎包_0|清炒蟹粉_0|云南普洱_0|生焗砂锅鱼头_0|尖椒松花皮蛋_0|法式香煎鹅肝_0|陈皮油爆虾_0|香煎松茸_0|椒盐玉米粒_0|松茸刺身_0|鲍汁刺参_0|咸肉菜炒饭_0|本帮扣三丝_0|糟溜黄鱼_0|三丝炸春卷_0|核桃酒酿煎饼_0|老姜牛柳粒_0|餐前小吃_0|核桃冰糕_0|鲍鱼拼红烧肉_0|圆苑山珍_0|生煸花菜_0|蔬菜色拉_0|上汤时蔬_0|本帮素鸭_0|苔条小黄鱼_0|咖喱面包虾_0|海鲜酸辣汤_0|雪蛤_0|苔条炸豆腐_0|葱油大馄饨_1|蜜汁火方_0|虎皮臭豆腐_0|虾头酱炒海螺鱼肚_0|荠菜百叶丝_0|八宝辣酱_0|荠菜肉丝炒年糕_0|港式萝卜酥_0|自点烧烤_0|圆苑特色炒饭_0|石锅葱烧牛筋_0|葱油饼_0|豆沙锅饼_0|咸肉丝瓜面筋煲_0|咸菜豆瓣炒粉皮_0|红烧肉烧肉百叶结（套）_0|桃胶鸡头米_0|四喜烤夫_1|桂花绿豆糕_0|百叶结_0|海鲜两面黄_0|金钱黄瓜_0|生啫牛蛙煲_0|服务费_0|焦糖芒果豆花_0|味淋小龙虾_0|腊味煲仔饭_0|葱姜炒膏蟹_0|红星斑_0|蟹粉虾仁捞饭_0|鲍鱼鱼翅捞饭_0|番茄小排蔬菜汤_0|圆苑红烧三宝_5|竹荪金汤鲍鱼鸡_0|蟹粉煲仔饭_0|蟹粉鱼头_0|蟹黄滑蛋_0|琥珀海蜇头_0|,77563221.0,陆家嘴,238/人,口味:4.6 环境:4.8 服务:4.4 ,4.5,68416368|15821071592,3842.0,0.0,,金茂店,距地铁2/14号线陆家嘴站8口步行460m,世纪大道88号金茂时尚生活中心3层,121.50088,31.237655,周一至周日 11:00-21:00,2017年1月,
H4gfE1kdZnJzGGt3,桂滿隴·北緯三十度,美食,本帮江浙菜,浙菜,浦东新区,世纪大道,0,0,0,1,0,0,,0,0,0,0,世纪大道  浙菜,"“「宫廷杭三鲜」汤头很鲜甜,料很足”",世纪大道本帮江浙菜服务榜第3名,,2.4万人,诗情画意_庭院餐厅_花园餐厅,宝塔肉_0|前菜拼盘_0|虎跑山泉牛腱汤_0|豆花东海黄鱼片_0|秋葵汁鲍鱼烩饭_0|温泉蛋香芋浓汤_0|西湖水牛老酸奶_0|秃黄油捞饭_0|桂花枣泥定胜糕_0|临安山核桃慕斯桃胶_0|雪花牛肉烩饭_0|杭州奶黄流心绿豆糕_0|醉翁熟虾_0|东坡肉_6|清蒸倒笃蟹_0|杏仁饼干_0|苏打汁无核红提_0|百香果分子料理_0|杏仁酥_0|小蜜豆笋尖_0|特色松鼠鱼_0|片儿川_0|枣泥糕_0|低温慢炖雪花牛肉_0|秃黄油拌饭_0|吮指鸡爪_4|米酒_2|黄鱼年糕_0|乾隆御香鴨_0|芝麻酱茄子_0|青椒泉水牛肉_0|坛装太雕8年陈_0|荠菜蛋黄年糕_0|肉汁煨萝卜_0|糯米桂花藕_0|熟醉大闸蟹_0|古法西湖醋鱼（桂鱼）_0|藤椒牛三宝_0|生炒红菜苔_0|青石板话梅小排_0|桂花老糖藕_0|桂花冰霜酒酿冰淇淋_0|黑松露豌豆配冬笋_0|高汤烩时蔬_0|龙羊酒酿馒头_0|乾隆鱼头_2|杏仁脆片_0|杭州油爆虾_0|芝士焗土豆_0|西湖醋鱼_0|炸绍兴臭豆腐_0|宋嫂黄鱼羹_1|铁锅牛娃_0|虎跑泉水牛腱汤_0|山椒泉水牛肉_0|招牌桂花酿_0|苏打红提_0|乾隆鱼头汤_0|冰镇西瓜_0|龙杯（江南米酒）_0|糖年糕_0|东坡草扎肉_7|沙律老杭州油条虾球_0|江南咸茶_0|石锅杭椒牛蛙_7|龙井蒸蛋_0|溏心蛋千岛湖鱼子酱_0|吴山脆皮烤鸡_3|黑松露榨菜肉丝月饼_1|宫廷杭三鲜_2|粉桃梨汁_0|红糖麻糍_0|海胆石锅豆腐_8|冰镇酒酿_0|柠檬糖霜奉化芋_0|牛油果奶霜_0|杨梅汁_0|河海鲜面疙瘩_0|芝麻脆菇炒鲜鱿_0|糖醋小排_0|蹄筋炒茶树菇_0|糍饭糕_0|老虎菜_0|石槲汁_0|炭黑凉皮卷（红酒野菜卷）_0|火腿芝士焗临安土豆_0|菌菇牛肉烩饭_0|酸萝卜煮蓝贻贝_0|满陇玉枣糕_0|野菜卷_0|十里花雕醉甜虾_0|葱香海蜇丝_0|皮蛋捣牛油果_0|独头蒜红烧鳗鱼_0|杭州小笼包_2|自制山楂酒_0|白灼芥兰苗_0|挂花老糖藕_1|和海鲜面疙瘩_0|肉松红豆青团_0|汤包_0|糯米脆皮鸭_0|蜜瓜冰糕_0|萝卜干_0|蔬菜沙拉_0|桂花香大麦茶_0|河鲜海鲜面_0|醋香茄子_0|济公叫花鸡_0|芝士焗玉米笋_0|灵隐素鸭_0|羊肉_0|鹅肝酱葱油饼_0|猪颈肉_0|金牌龙井绿茶酥_0|金汤杭三鲜_0|梅干菜乳鸽_0|肥瘦相间的东坡草扎肉_0|杏仁抹茶豆腐_3|素蟹粉_0|女儿红_0|扬州干丝_0|点心三拼_0|野菜茭白炒年糕_0|花菜_1|水果布丁_0|古法酸梅_0|宫爆虾球_0|樱花虾香煎糯米山药_0|香茅咖喱煲大虾_0|冰镇百合小金瓜_0|千刀肉碎蒸膏蟹_0|年糕炒蟹_0|樱花虾百合_0|南方大包_0|黄汤松鼠桂鱼_0|油鸡枞炒面疙瘩_0|老杭州经典扣肉_0|黑醋带鱼_0|蟹粉饭_0|韭菜鲜肉锅贴_1|五色生煎包_1|米饭_0|松茸汤_0|乌梅汁_0|腐皮卷_0|菌菇汤_0|熏鱼_0|青鸡汁腐皮菜_0|熟醉六月黄_0|咸蛋黄土豆条_0|东坡半边鸡_0|含主厨亲制甜点_0|蜜渍西瓜_0|烧鸡_0|蟹黄捞饭_0|咸蛋黄荠菜笋丝年糕_0|仲夏丝瓜_0|海味鸡毛菜_0|西瓜汁_0|甜瓜冰淇凌_0|南乳蛤蜊_0|鸡汁腐皮青菜_0|话梅圣女果_0|镇店沸鱼_0|红烧蒜头鳗鱼_0|黄瓜_0|稻香三色鱼冻_0|三层稻鱼冻_0|糖醋松板肉_0|龙虾汤煮杭式猫耳朵_0|桂花冰酒_0|燕窝绿豆糕_0|西湖藕粉_1|老卤糟香元贝_0|黑金流沙包_0|豆花布丁_0|仙霞山仙草汁_0|虾仁_0|龙井虾仁_0|胡味油爆虾_0|葱油淋东海大黄鱼_0|素鹅_1|捞汁蚕豆_0|陈醋茄子_0|满陇鸡汁百叶包_0|陈皮红豆沙配酸奶芝士酥饼_0|萧山辣椒菜_0|温泉蛋鲜虾沙拉_0|红酒草头_0|酸萝卜豆面_0|花椒牛杂_0|鱼汤火腿油豆苗_0|桂花茶_0|鸡枞菌炒蛋_0|青梅酒_0|豆花杨枝甘露_0|长寿面_0|葱香笋壳鱼_0|椒麻莴笋丝_0|油渣鸡汤馄饨_0|龙井炖蛋_0|网皮三色生煎包_0|榴莲黑天鹅酥_0|番茄_0|芝士土豆泥_0|酒香带鱼_0|甜蜜小南瓜_0|咖喱大虾_0|杭菜豆皮_0|芋儿大闸蟹_0|,120058097.0,世纪大道,135/人,口味:4.5 环境:4.7 服务:4.7 ,4.6,13023157051,6370.0,0.0,,世纪汇店,距地铁2/4/6/9号线世纪大道站7号口步行240m,世纪大道1192号世纪汇购物中心3层020-021号,121.523582,31.229086,周一至周日 11:00-14:00 16:30-21:00,2018年9月,
G89mbBtwpjdQggMM,和记小菜,美食,本帮江浙菜,上海本帮菜,浦东新区,八佰伴,0,1,0,1,0,1,连锁,1,1,0,0,八佰伴  上海本帮菜,“老上海熏鱼的独家味道搭配虾球”,,,1.5万人,高空城景_可自提_有无障碍电梯_可用银联,鸡汁百叶包_17|黑椒牛肉粒_15|两吃鱼_1|椒盐龙头烤_5|海参蹄筋煲_1|草头猪圈_1|钵钵鸡_8|辣子鸡_3|五谷烩海参_21|酒醉拉糕_6|河虾双拼_1|松仁马兰香干_8|豆腐单档煲_1|蒸扣三鲜砂锅_4|螺肉_1|草菇草头_1|牛肉炒油条_3|特色面筋煲_572|目鱼烤年糕_5|西芹百合_5|花生酱凉皮_2|糯米蒸甲鱼_5|酒香豆苗_10|苔条味小黄鱼_1|老北京烤鸭_32|上海醉鸡_3|招牌满坛香_20|油酱毛蟹炒年糕_10|招牌松鼠大黄鱼_1|特色麻酱凉皮_9|荠菜三鲜烩蹄筋_7|拆骨八宝鸭_1|菌菇牛仔粒_1|鸡蛋_1|和记汤肉皮_40|新鲜番茄_4|槽香土鸡_1|糟香土鸡_5|白灼广东芥兰_2|金陵盐水鸭_1|凉拌北极贝_1|鸭骨椒盐_1|香酥烤子鱼_1|北京片皮鸭_64|凉拌豆苗_4|鸡汁腐竹烩石耳_1|卤水金钱肚_2|苔条白米虾_1|干炸带鱼_1|鱼糜荠菜炖蛋_2|八宝辣酱_34|海鲜泡饭_4|养生菌菇素汤_5|柠香酱萝卜_1|金针菇肚丝_5|芝麻炝腰花_2|超级黑胡椒牛肋排_27|冰糖红枣_1|烤乳鸽_213|韭菜水煮鱼_4|黑椒铁板牛仔骨_3|葱烤天目湖鲫鱼_1|八宝糯米蒸青蟹_1|红烧肉卤饭_3|老火菌菇汤_1|桂花酒酿圆子_50|豉油皇炒面_2|四喜烤麸_18|海鲜酸辣汤_3|萝卜丝鱼丸_1|糟门腔_2|深海剁椒鱼头_1|炒鳝湖_3|鲍汁扣鹅掌_2|叉烧酥_2|酸梅汁_4|草菇_4|荠菜虾仁双菇_2|豆豉蒸扇贝王_2|黄金豆皮卷_8|千丝芥末虾球_7|松茸炖老鸭_3|海鲜捞拌时蔬_4|文蛤金钩烩胜瓜_1|椒盐玉秃鱼_1|酸汤蛏子煨水晶粉_25|糟味拼盘_1|干褊鲈鱼镶面_1|豌豆苗草菇_1|高汤松茸炖菜心_1|养胃小米野菜花胶_1|蘑菇会豆苗_1|蒜泥空心菜_1|炝拌油麦菜_1|剁椒花鲢鱼头_1|手抓羊排_17|玉鲈斑二吃_4|金针菇滑鱼丝_1|开胃小菜_3|水果冰淇淋色拉_4|干锅手撕包心菜_20|干锅茶树菇_1|香芒大虾沙律_2|珍菌日本海鲜豆腐_1|黄油意面炒膏蟹_1|芋香绿茶饼_16|糯米蒸肉_1|虾炸鳝_8|西瓜_1|杭式虾爆鳝段_2|石库门熏鱼_200|虾酱焗有机花菜_1|法式鹅肝酱_3|糯米蒸膏蟹_4|清炒虾仁生煎包_1|糯米扣东坡肉_1|腰果水晶虾仁_6|烤鸭三吃_24|肉沫蒸蛋_1|五彩虾仁豆腐_1|鲜豆瓣夜开花_1|烤羊排_3|招牌虾仁_3|糟溜松茸鱼片_2|美味四拼_3|山药金腿小豌豆_17|砂锅焗百合_13|风味咸鸡_5|上海小笼包_26|杂粮黑桃沙拉_6|糟香门腔_8|蒜蓉粉丝蒸鲜鱿筒_2|黑松露豌豆方_1|本帮酱鸭_7|清炒河虾仁_2259|檀香山药_1|香糯竹筒扣肉_2|深井烧鹅仔_2|面疙瘩_1|素鲍鱼_13|萝卜丝海蜇_1|大碗红烧萝卜_2|台湾梅苏茶_1|吊烧bb鸭_55|红豆沙小圆子_25|重庆毛血旺_70|花胶小米羹_1|糖醋陈皮排骨_1|xo酱炒粉丝_1|马兰头拌香干_26|剁椒深海鱼头_1|本帮扣三丝_25|招牌冷锅鱼_1|腐衣炸黄鱼卷_1|红烧粽香肉_1|椒盐九肚鱼_1|蒜蓉粉丝蒸扇贝_42|清炒河虾_50|招牌红烧肉_996|姜丝水晶鸡_1|凉拌木耳_1|石锅咸肉菜饭_2|肉骨头香干煲_2|家炒黄瓜苗_2|金腿炖老鸭_1|金汤鱼翅羹_22|川香干丝_1|私房云吞鸡_1|手撕走地鸡_7|金桂酱萝卜_2|南瓜山药_1|炝拌黄瓜苗_3|榄菜肉末四季豆_9|酸汤金菇肥牛_3|招牌黑木耳蒸鸡块_1|招牌红烧肉拌饭_2|粥道_1|葱烧牛筋海参王_5|肉末炖蛋_1|干锅手撕包菜_1|酱香黄瓜_2|浓汤煨小竹笋_4|清火冬瓜扁尖汤_2|油爆大虾_2|当归炖乌鸡汤_2|三鲜炖石磨手工豆腐_1|糖醋里脊_1|火腿扁尖老鸭汤_6|洋葱大肠_1|卤水鹅肝_1|蓝莓山药_1|醒目苦瓜皮_1|豆豉鲮鱼油麦菜_6|鱿鱼头_2|上汤娃娃菜_1|小葱肉皮_1|竹筒糯米扣肉_2|水煮牛蛙_2|牛蒡丝_1|家乡百叶结_1|黄鱼羹_2|酸菜蹄膀_1|卤水猪手_8|玉米汁_17|鸡汁黑木耳_1|蘑菇牛肉粒_7|雪菜猪脚_1|鲍汁扣凤爪_3|浓汤鸡羹煲_2|冰镇芥兰_1|白切肚丝_1|野生鳝鱼牛蛙锅仔_2|小母鸡笋汤_2|醋拌花生米_2|铁板大蒜头蛏子_1|菌菇豆腐煲_1|鲜中鲜海鲜汤_3|老豆干肉骨头_1|清蒸桂鱼_13|茶树菇鱼滑_2|私房肉骨头香干_1|馋嘴蛙_15|泰式鲈鱼_1|菌茹牛仔粒_2|玉米饼_1|宫保鸡丁_3|土豆泥_2|马桥肉骨豆腐_1|多宝鱼_1|每位鸭三宝_4|菌菇牛腓力_3|澳洲龙虾_3|南瓜_1|清蒸鲥鱼_42|啫啫四季豆_7|素鱼翅羹_9|麻酱虾皮_1|八宝酱菜_1|腌笃鲜_11|乌梅汁_1|海瓜子_2|蜜汁火方_1|香蒜排骨_2|翅汤东星斑_2|香菜鲜果沙律_2|硝蹄_1|虾爆鳝背_2|烤鳗鱼_1|刺身拼盘_5|海鲜两面黄_8|怪味腰果_1|蜜汁叉烧_1|豆豉蒸多宝鱼_1|酒浸草头_2|素鸭_4|红烧鳊鱼_1|麻酱拌粉皮_54|绿茶富饼_1|上海三丝春卷_10|麻婆豆腐_1|啫啫小鲍鱼_4|香烤牛排_8|串烧猪颈肉_4|干锅花菜_4|葱油汤肉皮_2|蟹粉扒蹄筋_1|干烧明虾配面条_2|琵琶鸭_2|酸辣汤_8|鲜榨橙汁_1|上汤蛤蜊烩冬瓜球_2|酸辣海鲜锅巴_1|响油鳝糊夹饼_38|樱花虾安吉笋炒毛豆_1|干锅千叶豆腐_2|客家豆腐_13|豆浆_19|溏心蛋_1|葱烧鱼头配糍饭糕_3|油焖虾米茭白_1|烟薰肋骨_1|老奶奶红烧肉_2|黑椒牛仔粒_46|蘑菇包_1|菌类干锅_1|阿娘狮子头_33|上海街边炒面_13|石斛花山珍炖辽参_1|野竹米炖活辽参_1|油爆基围虾_1|香钵稻香蛙_2|烧味卤水拼盘_7|满汉素什锦_2|黄花豆苗_1|鸡油花雕蒸鲥鱼_20|花甲炖蛋_1|小笼包_2|金汤肥牛_3|番茄炒蛋拌饭_3|二面黄_1|白灼蓬蒿菜_1|烂炖肉末白菜_1|手工豆皮_14|松茸豌豆苗_3|黄油焗花龙_2|农家烧安吉笋_1|开花馒头_2|花雕鸡_2|麻辣水煮黑鱼片_3|白灼西芹香干_1|红糖冰粉_1|炆火红焖牛肋排_1|姜葱炒蛏子_1|镇江肴肉_1|雪媚娘_1|八宝香酥鸭_9|香锅稻香蛙_95|蛤蜊蒸蛋_4|鲜果大虾沙拉_1|金针海蛰_1|芋头煲_15|生煎馒头_11|鲜虾饼拼油煎馄饨_1|酱汁蹄膀_5|葱油拌面_6|鲜蟹粉蒸蛋_3|鸡汤百叶包_1|黑胡椒牛菲利_1|咸菜大汤黄鱼_1|菠萝咕咾肉_6|上汤西兰花_2|酸辣白菜_1|核桃鲜果咕咾肉_1|糟溜猴头菇鱼片_1|香茜豆腐干丝_1|白切羊肉_1|桂花糖水莲藕_42|珍菌木桶豆腐_3|石锅海皇豆腐_3|周庄毛豆咸菜_1|糟香毛豆节_1|鲍汁全家福_1|咸蛋豆腐_1|招牌吊烧鸭_1|宁波烤菜_6|扇贝皇_1|鲜肉锅贴_1|滚石肥牛肉_2|芝士焗龙虾_1|农家八宝饭_1|白灼芥兰_2|好味道素鸡_1|黑胡椒年糕炒蟹_1|豉椒炝黄秋葵_3|黄油焗波士顿大龙虾_21|老四川酸菜鱼_32|本帮蒸三鲜_30|干捞粉丝蟹煲_1|老上海生煎包_18|粗粮红糖糕_1|黑松露河虾仁_44|鲜果冰淇淋厚多士_3|热吃心太软_9|松鼠大黄鱼_108|四喜拼盘_1|松鼠桂花鱼_1|鱼香茄龙_1|四喜鸿运拼盆_1|原味有机南瓜_1|松茸竹荪煲老鸡汤_1|小炒皇配窝窝头_3|油爆小鲳鱼_5|老上海圈子_7|上海蒸三鲜_1|家烧石磨香干_2|红烧手工狮子头_4|红烧萝卜炖牛肉_1|荤素组合_1|汽锅老鸡汤_3|细沙八宝饭_1|鲜藤椒鱼_1|醋溜荷塘小炒_2|蒜蓉蒸东海鲜鱿鱼_1|咸蛋黄炒蟹_2|香菇包_1|茶树菇烧鸭_1|野山菌小炒皇_5|上海春卷_3|菌菇牛肉粒_1|毛豆咸肉蒸大闸蟹_1|酸辣海蜇头_31|凯撒鲜蔬沙拉_4|芝麻酱蟹皮_2|糖醋鳜鱼_1|虫草花蒸黄鱼_1|蔬菜色拉_8|松子桂鱼_2|椒麻炝腰花_16|响铃黄鱼卷_1|香炸臭豆腐_4|姜葱炒青蟹_2|油炸小黄鱼_1|金瓜海蜇丝_1|发财金汤鱼翅盅_1|扬州炒饭_7|波士顿龙虾干捞粉丝_3|海味石锅脆米泡饭_7|炸鲜奶牛肉_57|老上海葱油饼_20|咸蛋黄鸡翅_3|香焗百合_20|芦笋炒铅笔菇_1|蜜椒肉包饼_4|鸡枞菌炒芦笋_5|老酵馒头_1|什锦炒素_1|老娘黑叉烧_2|鸡头米_3|鲜蟹黄扒豆腐_117|红烧独蒜河鳗鱼_12|石锅捞酸菜粉丝_5|松露灌汤虾丸子_3|油焖茄子_8|酥炸桂花肉_1|招牌香酥猪手_6|樱桃山楂酵素_1|酸辣海带丝_238|铁板蒜香虾_16|糖醋小排_866|扣三丝_153|麻酱蟹皮_69|草头圈子_35|青膏蟹（2只）_9|富贵双方_45|腊味饭煲_1|粗茶淡饭家常菜_1|糟溜三白_2|水煮牛肉_4|肉糜粉丝煲_2|鸦片鱼头_63|菌菇鸡煲_1|海鲜蒸蛋_1|竹桶腊肉饭_2|土匪鸭_1|周庄蹄膀_1|豉汁蒸鲈鱼_3|清炒虾仁_125|鱼香肉丝_1|美极鸭下巴_379|密制骨头汤_1|椒盐猪蹄_10|油煎馄饨_13|满汉全素_2|番茄土豆排骨汤_3|椒盐腰果酥_417|母鸡野生菌菇汤_2|阿婆红烧肉卤蛋_1|鱼面筋_4|红椒炒鸡杂_1|龙虾吨蛋_1|糯米红枣_2|嘟嘟蛏子_3|剁椒鲽鱼_1|卤水肥肠_1|葱烤河鲫鱼_2|酱爆鳝背_2|干锅四季豆_4|香蕉绿茶果_1|温州牛肉拌面_3|炭烧牛仔骨_3|夫妻肺片_2|竹筒糯米饭_2|川湘健美蛙_1|柠汁荔芋泥_2|上汤大白菜_1|咖喱牛腩_4|化皮烤肉_2|酥烤鲫鱼_1|笼仔红烧牛肉_1|鬼马牛肉_4|肥肠煲_2|炸大肠_1|东山羊肉_1|枣泥拉糕_1|扇贝王_3|杨州三臭_1|麻鸭_2|川北凉粉_1|双脆蜗牛_1|石锅青瓜_3|清炒豆苗_2|水煮鲶鱼_2|剁椒芋艿排骨_1|浓汤青瓜_1|上汤芦笋_1|南瓜饼_4|酒香草头_19|糯米蜜枣_1|蕨根粉_2|棕香肉_2|上汤肉皮_2|茶树菇烧肉_1|金牌蒜香骨_1|烤茄子_1|吊烧乳鸭_21|红烧小黄鱼豆腐_4|农家小炒皇_3|卤水黄鱼_1|招牌酸菜鱼_12|爆腌白水鱼_2|砂锅鱼头汤_2|红焖牛肋骨_15|特色香芋煲_11|台州白鲳烧豆面_1|上海油爆虾_80|响油鳝糊_65|砂锅大鱼头_8|特色双味虾_50|招牌水晶鸡_996|招牌生煎包_1627|生焗铁板蒜香虾_37|家烧杂鱼拼盘_3|煎馄饨_3|千岛湖鱼头汤_4|鳝丝卷饼_2|石锅香芋_1|气锅老鸭汤_2|上海白切鸡_15|老红糖红枣糕_1|港式烧鸭_1|啫啫墨鱼仔_1|水晶干捞粉丝_1|金沙茶树菇_1|捞菜粉丝_15|蒜泥铁板虾_1|芥兰_2|上上签_1|焗肥肠_4|酒酿桂花拉糕_2|梅干菜花雕扣肉_5|醪糟三宝_1|萝卜干_1|湘西外婆菜_1|原盅土猪肉汤_1|收藏店铺送小菜_1|巧拌手擂茄子_9|脆皮叉烧夹饼_9|香芹拌干丝_5|脆皮鲜奶拼蚝油牛肉_21|汽锅老母鸡汤_10|虾仁小青豆_1|糖醋寸金骨_4|浓汤豆瓣夜开花_5|青蒜砂锅焗猪肝_6|,500241.0,八佰伴,107/人,口味:3.8 环境:3.7 服务:3.5 ,4.2,68762227|68762228,9505.0,0.0,,东方店,距地铁6号线浦电路(6号线)站1号口步行320m,东方路985号一百杉杉大厦6楼（近浦电路）,121.524998,31.223898,周一至周日 11:00-14:30 16:30-21:00,2004年4月,
k6GyqabFS2SNNCPi,锦楼·臻选新式杭帮,美食,本帮江浙菜,浙菜,浦东新区,陆家嘴,0,1,0,1,0,0,,1,1,0,0,陆家嘴  浙菜,"“看着窗外夜景,黄浦江对岸外滩灯火璀璨”",陆家嘴本帮江浙菜好评榜第8名,,3.6万人,可用银联_寄存区_江景餐厅_现金付款,鹅肝酱配葱油饼_0|东海黄鱼捞年糕_7|沸腾龙胆鱼_0|浓汤黄鱼面_0|糖醋排骨_5|马家沟芹菜拌樱花虾_0|松仁榄菜四季豆_0|泉水莲映炖松茸_0|陈醋茄子_0|海胆石锅豆腐_14|沸腾黑鱼片_0|鲍鱼红烧肉_2|黑松露野菌盏_0|鲟鱼子酱溏心蛋_0|手剥云腿小甜豆_4|辣酒汁花螺鲍_1|葱烧黑毛猪蹄_0|温州鱼饼_0|锦楼海味小炒皇_0|酒酿东海带鱼_0|鲍鱼焖饭_0|砂锅焗千岛湖鱼头_0|例汤_0|龙井炖蛋_0|葱香嫩藕拌鸡丝_0|红焖高山羊肉煲_0|如意栗子酥_0|贵妃冰糕_0|野菜九肚脆_0|椰浆紫薯脆果子_1|金丝网皮煎饺_0|锦楼时令老火靓汤_0|爽口海蜇头_0|凉拌牛腱子_0|油渣小白菜_0|太雕蒸鲥鱼_0|油渣芋艿羹_0|木瓜天鹅酥_0|冰淇淋_0|古越花雕醉鸡汤_2|黑胡椒香辣牛蛙煲_0|天目笋干炒鳝丝_1|手工金脆虾球_1|低温牛小排_0|杭州熏鱼_5|文火牛肉_0|榴莲甜品_0|生日面_0|西湖醋鱼_0|冰镇熟醉小龙虾_0|锦楼蒜子甲鱼_0|海皇米酒农家鸡_0|笋干菜炒饭_0|千岛湖鱼头烧花胶_0|鱿鱼_0|香煎带鱼_0|野石参功夫汤_0|竹笋壳鱼_0|锦楼竹笋饭_0|老卤三拼鹅相会_0|熟醉大闸蟹_0|江南酱萝卜_0|桐乡羊肉煎包_0|西湖莲藕汁映汤团_0|黑毛猪肉炒二冬_0|古法生炒花螺鸡_0|十年花雕醉甜虾_1|黑松露酱烧口蘑_2|橘子_0|翠皮玲珑肉_0|龙井炖奶_0|花雕咸肉蒸土鸡_0|西湖宋嫂鱼羹_0|小葱虾仁土鸡蛋_1|双蹄笋干老鸭煲_0|桂花糖藕_0|蒜泥刀豆_0|豆瓣烧河虾_0|江南鱼冻_0|葱油钱江大白条_5|凤梨绿豆糕_0|龙井虾仁_1|腌笃鲜_0|杭州酱鸭_0|浓汤手工豆腐_0|砂锅鹅掌烧牛排_0|餐前小食_0|火腿油鱼汤浸时蔬_0|板栗鹅肝_2|黑胡椒藕带爆牛筋_0|油渣炒时蔬_0|手工肉饼蒸青膏蟹_1|三葱炒波士顿龙虾_0|古法蒜子烧甲鱼_0|黑金鲍鱼_0|捞汁脆芹_0|香鳗_0|风味香肠_0|三葱炒波龙_0|青豆_0|杭州酱肉蒸冬菜_0|锦字流沙包_0|开心果_0|椰香紫薯脆果子_0|酸萝卜烧豆面_0|点心拼盘_0|果盘_0|土竹笋腌笃鲜_0|养生茶菇老鸡汤_0|御香罐浆榴莲酥_0|玉米芽牛肉粒_0|鸡汤松茸菊花盅_0|蛤蜊酸汤肥牛_0|江景包房_0|椰奶咖喱虾_0|金沙虾丸子_0|清蒸大白鱼_0|冰镇接骨木小番茄_7|马友鱼干蒸阉鸡_0|主厨什锦沙拉_0|黑松露山珍炒鲜鲍_0|东海大黄鱼_1|江南文火牛小排_0|古法小白菜_1|酒仙小鱼花生米_0|小炒皇_0|手打鱼饼_0|莴笋丝_1|桃胶椰冻_0|金桂西湖蜜莲藕_0|青碧围城松阪肉_0|鸡丝拌莲藕_0|百香果布丁_0|古法烧高山萝卜_0|灵隐素烧鹅_0|胡萝卜苹果汁_0|蟹味菇杭椒炒竹蛏_0|蒲城蛋挞_0|竹荪鸡汤_0|缤纷果蔬干酪色拉_0|坚果桂花老酸奶_0|东星斑海上鲜_0|橙汁_0|白果芦竹笋炒山药_0|手工年糕炒敲蟹_3|餐后水果_0|主厨塔塔_0|葱油生态大白条_0|老火靓汤_0|银鱼秋葵_0|手工腌笃千张包_1|,551649625.0,陆家嘴,213/人,口味:4.8 环境:4.9 服务:4.8 ,4.8,58372998,2210.0,0.0,,正大广场店,距地铁2/14号线陆家嘴站1号口步行500m,陆家嘴西路正大广场6楼44-46号,121.493934,31.238583,周一至周日 11:00-14:00 17:00-21:00,,
H6XaqaTEqTFe7VVz,海金滋,美食,本帮江浙菜,上海本帮菜,浦东新区,世纪大道,0,1,0,1,0,0,,1,0,0,0,世纪大道  上海本帮菜,“这次打卡上海本帮菜的鼻祖之一的海滋源”,世纪大道本帮江浙菜好评榜第5名,,4.6万人,自助餐晚餐_商场餐厅_有8人-10人大桌,糖醋排条_69|雪菜黄鱼汤_6|香菇菜心_2|水煮牛蛙_5|泡菜炒鸡杂_1|香菜肚丝_1|椒盐辣子猪手_6|鱼香茄子：_1|白玉菇丝瓜煲_4|爽口素鲍鱼_3|白茶金沙香芋丸子_1|麻椒猪手_1|排骨年糕_1|咸蛋黄苔条虾仁_10|红烧划水_18|白切门腔_4|红烧肚档_13|手撕包菜_17|清炒鳝糊_161|烤子鱼_11|塔菜冬笋_3|高山豆苗_11|红烧狮子头_57|小排汤_25|干锅花菜炒肉片_4|杭白菜腐竹_1|雪菜目鱼_3|金针菇拌黄瓜_20|素鸡烧毛豆_2|宫保鸡丁_24|椒盐带鱼_26|清炒菜芥_4|雪菜蒸黄鱼_1|红烧肉烧蛋_24|咸蛋黄大虾_97|家乡咸鸡_3|凉拌黑木耳_3|油爆虾_146|外婆家的咸肉菜饭_38|腐乳空心菜_111|鱼香茄子煲_32|椒盐排条_278|酒香草头_372|莴笋丝炒蛋_3|香菇面筋煲_12|番茄炒蛋_3|罗宋汤_84|干烧鲳鱼_20|四喜烤麸_12|干锅千页豆腐_19|葱烤大排_751|酱爆猪肝_231|臭豆腐炒毛豆_6|酸辣汤_51|香炸臭豆腐_19|开背椒盐虾_14|肉饼子炖蛋_2|草头圈子_125|黑椒牛肉_12|海金滋肉汁炒饭_95|凉拌莴笋丝_11|水蜜桃汁_3|糟溜鱼片_28|清炒米苋_13|蟹粉蛋_770|腌笃鲜_22|百叶包_6|咸菜黄鱼汤_6|咸蛋黄虾仁豆腐煲_18|白菜肉丝炒年糕_24|海蜇皮萝卜丝_3|酸菜黑鱼_19|昂刺鱼豆腐血汤_8|鱼面筋煲_7|沙姜猪手_5|香脆酱萝卜_1|糟味双拼_1|炒扬州炒饭_4|白灼秋葵_5|红烧肉百叶结_1|番茄土豆小排汤_1|上海酱鸭_383|鲍鱼红烧肉_4|餐具包套_3|卤水门腔_4|凉拌皮蛋豆腐_10|土豆色拉_6|香菜豆腐羹_3|辣子鸡_6|鸡毛菜百叶丝_2|松子大黄鱼_6|水芹干丝_3|虎邦辣椒酱_1|牛肉煎饺_2|本帮葱油鸡_4|黄豆焖猪手_1|卤水鹅_1|酱油河虾_1|水煮肉片_2|荠菜豆腐羹_3|桂花糖莲藕_6|黑椒牛仔骨_1|鸡头米炒虾仁_2|包菜粉丝虾仁_9|桂花酒酿圆子_11|手撕盐焗鸡_7|板栗烧鸡_1|老灶稻草鸡_1|雪菜笋片炒蛤肉_3|香菜小素鸡_7|清炒太湖小青菜_2|上海熏鱼_41|北冰洋_1|椰奶_1|葱姜花蛤_1|毛血旺_15|油煎馄饨_7|春笋豆瓣炒腊肉_3|葱油芋儿煲_1|苔条小黄鱼_1|干锅牛蛙_17|黄鱼烩豆腐_3|三杯鸡_26|海金滋双肉粽_2|芋艿煲_1|刀豆土豆_8|烂糊肉丝_3|干煸刀豆_11|小圆子_5|肉糜茄子_3|温暖鸡_4|毛蟹年糕_31|咸蛋黄虾仁豆腐_9|海鲜面疙瘩_12|野菌煲鹅_1|滋味小龙虾_1|,130650505.0,世纪大道,69/人,口味:4.6 环境:4.4 服务:4.6 ,4.6,17775206873,2088.0,0.0,,九六广场店,距地铁2/4/6/9号线世纪大道站11号口步行430m,东方路796号2楼229-230单元,121.520853,31.229297,周一至周日 10:30-14:00 16:30-21:00,2019年4月,
k1Xiu8RGS4ypPjCA,爱玲EILEEN,美食,本帮江浙菜,上海本帮菜,浦东新区,陆家嘴,0,0,0,1,0,0,,0,1,0,0,陆家嘴  上海本帮菜,"“欣赏窗外美丽的夜景,非常的惬意和浪漫”",浦东新区本帮江浙菜热门榜第8名,,11.4万人,异域风情_江景餐厅_隐于浮世,糟溜芙蓉桂花鱼_2|松鼠桂鱼_1|金牌龙吐珠_0|烤子鱼_0|鳝丝_3|红烧划水_0|葱油拌面_0|陈皮油爆虾_8|蟹粉豆腐_1|百叶包_0|香麻炸脆鳝_0|松露焖牛夹肉_0|蓝莓麦乳精慕斯_0|砂锅松茸豆腐煲_0|干贝芦笋_0|荠菜肉丝炒年糕_0|大汤东海大黄鱼_0|砂锅松茸老豆腐_0|陈年花雕蒸鲥鱼_0|大豆苗_1|鱼子酱片皮鸭_0|蟹油芙蓉蒸龙虾_0|蟹肉芙蓉蒸龙虾_0|皮蛋茄子_0|芝麻脆皮乳鸽_0|低温烤雪花牛肉_0|火焰盐烧富贵鸡_1|帝皇蟹肉分子冻_0|双色红酒鹅肝果_13|燕窝抹茶鲜奶冻_0|豆浆盆栽_0|肉饼子蒸膏蟹_2|浓汁沙蒜捞豆面_0|盐烧一品福贵鸡_0|酥皮八宝辣酱_0|椒盐脆炸大鲍鱼_0|盐焗内蒙羊排_0|凤梨鱼香大虾球_0|南瓜_0|醋溜桂鱼片_0|爱玲鸡尾酒_0|牡丹虾球扒蟹粉_0|糖油蜜山芋_0|枣泥软松糕_0|孜然酥香羊肋排_0|鸡头米枣皇炖桃胶_0|蒜泥芦笋白肉卷_0|雪菜_0|餐后水果_0|椒盐鸭架_0|莫吉托_0|菌菇包_0|豆浆提拉米苏_0|焗龙虾砂锅饭_0|黄鱼春卷_0|龙虾粉丝_3|鸡丝海蜇_0|干杯彩虹鸡尾酒_0|鲜榨橙汁_0|鱼子酱溏心蛋_0|蟹粉芋艿羹_0|凤眼老香肝_0|三葱龙虾捞粉丝_0|手拆清炒蟹粉_2|干烹大明虾_0|酥炸雪花牛腩_2|古法焖黄鳝_0|醉螃蟹_0|老上海罗宋汤_0|冷菜四拼_0|驴肉火烧_0|花生湯牛骨_0|石锅烧活海参_0|蟹秃黄油捞饭_0|甲鱼浓汤_0|琥珀酒酿丸子_0|糟乳鸽_0|仔姜蛙蛙叫_0|蒜蓉竹蛏王_0|和牛牛舌_0|雪花牛舌_1|南乳浸文蛤_0|米汤银杏浸豆苗_0|小麻球_0|蟹粉大虾_0|松茸竹荪汤_0|苔条粢饭糕_0|肉糜膏蟹_0|荠菜鲜菇溜桂花鱼_0|脆皮咸草鸡_0|脆皮炸牛腩_0|松仁酱爆鸭松配刀切_0|毛血旺_0|桃子冰淇淋_0|芝士焗小土鱿_0|陈皮牛肉粒_0|贡菜蒸马友鱼_0|清炒河虾仁_0|白松露冰淇淋_0|黄鱼煨面_0|银鳕鱼_0|爱玲冰茶_0|酥皮蜜汁火方_0|油煎八宝饭_0|竹蛏皇_3|冰淇淋蔬菜色拉_0|芥末明虾球_0|水果潘趣_0|松茸竹笙汤_0|鸭丝浓汤手工面_0|手剥甜豆鸡头米_1|菊花普洱茶_0|冷菜三拼_0|黑松露芝士焗响锣_0|脆皮金沙参_0|浓汤黄鱼烧豆面_1|虾仁脆春卷_0|酥炸鲍鱼_0|黑松露帝王蟹肉焗饭_0|杨汁甘露_0|炒生肠_0|炭烤虾籽鲍鱼_0|一品松茸汤_1|点心拼_0|白汁独蒜江鳗鱼_0|玫瑰天使_0|低温烤牛肋肉_0|一品炖鲍鱼_0|虾籽葱烤金蹄刺参_0|燕窝杨枝甘露冻_0|西施乳龙虾汤炖蛋_0|榴莲八宝饭_1|鮰鱼肚酿黑豚肉_0|麻辣牛肉粒_0|咸蛋黄虾仁豆腐_0|长寿面_0|拿破仑_1|土豆色拉_0|荷叶鸡_0|苔条糍饭糕_0|海鲜泡饭_0|红烧羊肉煲_0|天鹅酥·小圆子羹_0|蓝莓雪媚娘_0|石榴菜包_0|咸蛋黄炸汤圆_0|云腿鸡枞酱炒饭_0|红烧肉配糍饭糕_0|农家小炒肉_0|翅汤酸菜煮肥牛_0|九年甜百合_1|酸辣蟹肉捞豆面_0|迷你素菜包_0|花胶黄鱼羹_0|马兰头香干_0|醋汁秋葵木耳_0|苔条脆皮黄鱼_0|咖喱虾配炸馒头_0|鳗鱼饭_0|夫妻肺片_0|腌笃鲜_0|酒香草头_0|脆皮鸭_0|酒香脆皮鲥鱼_0|椰汁燕窝汤圆_0|黑松露迷你蔬菜包_0|刀鱼馄饨_0|龙泉嫩笋煲_0|定胜糕_0|芝麻大皇鸽_0|蛋干鸡松茸_0|莎莎包Saltena_0|雪花牛肉_0|五福点心拼盘_0|虾汤番茄煮花菜_0|黑金流沙球_0|拿破仑酥皮沙拉_0|十年花雕醉大虾_0|红酒樱桃鹅肝_2|五花肉_0|小龙虾_0|招牌熏梅子鱼_0|蟹粉烂糊珍菌_1|原汁甜嫩笋_0|莴笋牛蛙_0|虾饼_0|糖藕_0|街边葱油饼_0|脆炒鸡枞菌_0|荠菜桂花鱼_0|醉鳌虾_0|老卤盐水乳鸽_0|桂花炖鸡头米_0|海参豆面_0|糖糕_0|香辣蜜汁带骨鸡_0|醉鸡_0|咸肉菜饭_0|莓力十足_0|原只椰皇雪蛤汤圆_0|肉丝黄豆花胶汤_0|老大房糟货_0|叉烧酥_0|葡萄酒_0|排条_0|辣酱天鹅酥_0|黑松露冰激淋_0|蟹粉扒饭_0|陈醋香槟蟹肉冻_0|蟹粉扒芦笋_0|蟹粉狮子头_1|荠菜冬笋_0|蟹粉炒面疙瘩_0|迷迭香羊排_0|鲜瑶柱扒芦笋_0|糖醋里脊_0|白水鱼_0|花雕蛋白蒸帝王蟹腿_0|蟹肉干捞粉丝_0|如意素鸭卷_0|蟹粉干捞粉丝_0|石板烤羊肉_0|老大房糟三拼_0|手剥太湖虾仁_1|杨枝甘露冰淇淋_0|有机年糕黄鱼_0|纯蟹粉配麻球_4|腐乳空心菜_0|烤鸭鱼籽_0|枣香糯米藕_0|鴨架湯_0|飄香辣子雞龍蝦_0|烟熏妙龄乳鸽_0|猪仔流沙包_0|红烧肉配粢饭糕_2|原只挂炉片皮鸭_0|现切烤鸭_2|炸酱煎炒竹蛏皇_0|爱玲四喜拼_1|八宝琵琶鸭_0|狮子头老鸽砂窝_0|文思豆腐羹_0|鸡头米炒芦笋_0|玫瑰油爆虾_3|陈年花雕醉大闸蟹_0|麻婆豆腐烧龙虾_0|东海大黄鱼_0|肉皮三鲜砂锅_0|盐帮仔姜牛蛙牛蛙跳_1|飘香酸菜鱼_0|古越龙山十年_0|橙香海蜇头_0|水煮油浸带鱼_0|铁板羊肉串_0|炸鲜奶_0|煎鸡蛋白菜_0|盐烧一品富贵鸡_8|松茸酱爆鸭松配刀切_1|糖醋小肋排_1|云腿炒大豆苗_1|番茄有机花菜_0|玫瑰花茶_0|黑金汤圆_0|芙蓉蛋蒸龙虾_0|蟹粉大明虾_0|山药紫薯糕_0|鲍鱼红烧肉_0|黑松露咸肉菜饭_0|笋干鸭架汤_0|蟠桃冰淇淋_0|绿豆燕窝糕_0|蟹肉冻_0|蛏子王_0|掌中宝辣子鸡_0|双色樱桃鹅肝_0|红烧肉配粢饭糕拼烟熏鹌鹑蛋_0|老上海糖糕_0|松茸手工黑豆腐_0|龙虾汤面疙瘩_5|松露嫩炸豆腐_2|龙虾两面黄_0|红烧肉糍饭糕_12|红烧鹅肝狮子头_0|豆腐提拉米苏_0|老上海色拉_7|鲜藕莲子炒芦笋_0|黑松露椒盐豆腐_0|酸汤肥牛_0|芦笋仙贝_0|盐焗鲜带子配素蟹粉_0|葱油鸡_0|手剥有机小甜豆_0|鱼汤手工小刀面_0|冬瓜盅_0|黑猪肉杏鲍菇_0|芙蓉糟溜黄鱼片_0|生日面_1|油煎大馄饨_0|宫保夏果虾球_0|鱼子酱蟹肉冻_0|黄桥烧饼_0|琥珀酒酿子_0|龙虾汤泡饭_7|蒜茸蒸竹圣皇_0|秃黄油饭_0|老醋海蜇头_0|芥菜鮮菇溜桂花魚_0|火朣竹荪炖津白_0|酸辣跳跳石蛙_0|黑松露石榴蔬菜包_0|碳烤虾籽鲍鱼_0|芥兰野菌炒脆肠_0|白汁独蒜河鳗鱼_0|蟹粉鲜肉月饼_0|红烧肉配糍饭糕拼烟熏鹌鹑蛋_0|红酒鹅肝果三拼_0|羊肚菌配鮰鱼肚_0|翅汤瓜脯煮花胶_0|芦笋淮山煎羊肚菌_0|莓烦恼_0|,21678721.0,陆家嘴,370/人,口味:4.8 环境:4.8 服务:4.8 ,4.8,57577717|57578887,5687.0,0.0,,环球金融中心店,距地铁2/14号线陆家嘴站8口步行710m,世纪大道100号环球金融中心3楼,121.503468,31.237021,周一至周日 11:00-14:00 17:00-21:00,2014年12月,
k1H8q0UuihmmdT11,浙园•曲院荷风,美食,本帮江浙菜,浙菜,浦东新区,陆家嘴,0,1,0,1,0,0,,1,1,0,0,陆家嘴  浙菜,“绝对高性价比的一家江浙菜饭店”,,,,小桥流水_可拼桌_古色古香_可自助点餐_有景观位_10人－20人包厢,手撕鲍鱼菇_5|石锅豆腐_60|蛋黄南瓜_10|蛋黄锅巴_36|飞饼小炒肉_23|糖醋里脊_233|面烙飞饼_1|青瓜雪梨汁_23|鸡汁菜尖_6|番茄豆皮笋干汤_6|餐后水果_14|藤椒麻鸭_1|山城毛血旺_8|藤椒大白条_1|酸汤番茄鱼_3|川汁牛肉_12|芦竹笋山药_2|手工年糕红烧肉_16|蛏子烧豆面_1|小黄鱼刀豆_1|天鹅酥_11|金牌烤肉_9|手打年糕_47|片川儿_1|藤椒花蛤_3|香锅花菜_2|红烧狮子头_11|扬州炒饭_9|韭菜莴笋丝_1|江南四宝_5|小炒野山笋_8|三鲜炒面_3|儿童餐_4|盐水鹅_1|鱼子酱三文鱼_2|荠菜笋片蘑菇_1|海胆豆腐_1|白马玉笋_4|油豆腐红烧肉_1|金牌虾仁狮子头_1|手撕包菜_23|小吊梨汤_37|杨枝甘露_11|宁波年糕_4|【招牌】农家小炒肉_1|小炒攸县香干_1|摇摇虾_2|乌米蜂窝球_4|葱油秋葵_7|浓汤豆板酥_1|衢州鸭头_4|倒笃菜杭椒黄鱼脯_1|黑松露牛肉炒饭_15|鲜椒辣子鸡_2|酒酿圆子带鱼_21|黄鱼面疙瘩_1|干炸响铃_1|脆皮大肠_17|荷塘月色_3|杭州葱油饼_8|杭白菜烧豆皮_40|橄榄菜四季豆_2|白灼芥兰_4|蛤蜊烩水晶粉_1|鹅肝酱葱油饼_26|西湖牛肉羹_10|鸿运猪手_1|桂花圆子鲜栗羹_9|頭牌烤肉_2|目鱼蛋臭豆腐_1|荠菜炒年糕_6|大煮干丝_4|糖醋排骨_11|鲍菇松板肉_2|酸菜笋尖_15|马蹄小豌豆_12|薯仔牛排_5|目鱼蛋蒸蛋_2|什锦圆子羹_1|松子鲈鱼_17|梭子蟹番茄沸豆腐（菜单里无此菜，应为烩年糕）_8|东坡草扎肉_2|白切鸡_6|南瓜丸子羹_3|冰镇酸梅汁_1|凉拌木耳_3|小白菜炖豆皮_2|芝士土豆泥_5|酒酿圆子_13|三鲜面_1|开胃金针菇_5|凉拌海带丝_10|口水鸡_17|鸡汁大白条_265|芝士烤土豆_19|蓝莓山药_3|美味酱萝卜_12|西湖冰粉_21|长寿面_7|舌尖上的味道_3|蒜香蝴蝶虾_5|网红白水鱼_16|鸡枞菌松阪肉_3|青花椒酸菜鱼_1|橙汁脆带鱼_13|桂花脆皮元宝虾_2|沙姜焗竹林鸡_3|樱花虾广菜心_2|杏仁豆腐_41|招牌大虾皇_47|红枣卤鸡爪_43|藤椒香螺肉_25|招牌石锅牛畦_132|鸡丝凉面_241|杭州叫花鸡_123|黄鱼年糕_78|蛋黄鸡翅_209|龙井虾仁_162|西湖藕韵_14|宋嫂鱼羹_506|黑椒牛仔粒_160|东坡肉_242|沸腾鱼虾_55|杭州素烧鹅_365|特色熏鱼_83|西湖醋鱼_60|酥炒芋心_13|天府鱼虾_27|藤椒八爪鱼_1|虾饼_7|,131775228.0,陆家嘴,81/人,口味:4.4 环境:4.6 服务:4.5 ,4.4,58909399|16621203999,1707.0,0.0,,浦东食品城店,距地铁9号线商城路站2号口步行430m,自由贸易试验区张杨路601号三层C-04室,121.514567,31.230457,周一至周日 10:30-14:30 16:30-21:30,2019年6月,
FuzlbdSH67h0BLo2,东方明珠老上海8号餐厅,美食,本帮江浙菜,上海本帮菜,浦东新区,陆家嘴,0,1,0,0,0,0,,1,1,0,0,陆家嘴  上海本帮菜,“陆家嘴东方明珠脚下的一家上海菜餐厅”,,,1.7万人,古典清韵_复古主题餐厅_地铁直达_庭院餐厅,草头圈子_21|佛跳墙_4|牛仔骨_66|生煎_128|三黄鸡_10|六月黄年糕_3|蛋塔_1|黑椒煎牛排_8|干烧大明虾_4|葱姜膏蟹_2|飘香桂鱼_1|桂花酒酿圆子_7|葱扒大乌参_1|鲳鱼_1|飘香鲑鱼_3|杏仁牛柳粒_1|水晶虾仁_200|南瓜小圆子_1|皮蛋鳕鱼羹_7|腌笃鲜_36|酱汁白灵菇_2|海鲜卷_1|蟹斗_49|焗龙虾_15|木桶鸡_2|杏鲍菇_3|家乡咸鸡_6|扬州炒饭_4|本帮红烧肉_252|八宝葫芦鸭_6|香菇炒时蔬_1|桂花黄鱼羹_8|汤面_1|响油鳝丝_24|双色虾仁_5|油条_7|老坛红烧肉_8|干锅肥肠_2|椒盐排条_1|元宝虾_1|樱花豆腐_1|油墩子_32|小青龙_6|关东海参王_2|香蜀口水鸡_4|川味臭豆腐_3|鱼香茄子煲_3|酒香蒸鲥鱼_69|老上海素鸭_1|蔬菜色拉_4|东星斑_4|荷香干蒸鸡_1|北菇菜心_2|咸香猪手_6|菜肉大馄饨_3|小煲炖豆腐_1|鲍参翅肚羹_1|扇贝王_6|水煮牛肉_1|青膏蟹_1|麻辣豆腐_1|小鲍鱼_10|梅子鱼_1|鳝鱼_9|小笼包_8|萝卜丝酥饼_2|小葱烤辽参_1|秘制酱萝卜_3|扬州煮干丝_5|春笋_1|春翠烧卖_1|老上海糖醋肋排_5|酒香豆苗_2|盐酥河虾_3|石库门鳝丝_1|特色熟醉毛蟹_3|蟹粉百叶包_2|葱油淋仔鸡_1|油香豆苗尖_1|红焖海参蹄筋_2|蜜汁鳕鱼_2|糟溜鱼脯_2|雪菜黄鱼面_2|关东木耳_4|四喜烤麸_7|目鱼大烤_1|糟鸡_1|糟毛豆_2|糟虾_1|糟门腔_1|上汤米苋_4|桂花虾蟹盏_7|明珠肉包_1|蒜香小排_9|红烧狮子头_6|清蒸鲈鱼_2|黑木耳_2|咸蹄膀菠菜_1|小蛋糕_1|沙律明虾球_17|霸王虾_4|松子大黄鱼_15|春笋烤肉_1|松茸鸽子汤_4|清蒸红石斑_1|海苔小黄鱼_1|草头饼_19|茨饭糕_130|小馄饨_11|小黄鱼烧年糕_62|木耳炒山药_13|黑洋酥酒酿小圆子_102|苔条白米虾_1|酱麻油海蜇头_5|三鲜砂锅汤_5|酸辣海木耳_1|宁波烤菜_1|豆浆_4|酒香草头_2|蟹黄豆腐_10|杨枝甘露_1|牛肉粒_6|糖醋花生_1|明珠烧卖半成品_1|鱼香肉丝套餐_2|孜然羊肉_7|毛蟹年糕_17|虾子大乌参_11|鸡汁开洋娃娃菜_1|虾爆鳝_3|琵琶鸭_1|蒜香银鳕鱼_1|上海肉丝炒面_5|新派八宝辣酱_24|干贝粢饭糕_25|清炒鳝糊_39|酱爆猪肝_46|手撕包菜_1|清蒸多宝鱼_25|荠菜溜黄鱼_3|桂花蟹粉_1|特色葱油鸡_226|酸汤银丝肥牛_13|苔条黄鱼_2|老上海熏鱼_216|回锅肉_1|手撕羊排_5|抹茶榴莲酥_1|迷你碗仔翅_1|干煎黄鱼鲞_2|凉拌黄瓜_1|澳洲牛肉条_1|核桃奶露_12|油爆河虾_8|海苔粢饭糕_1|松茸汤_1|毛血旺_4|麻辣小龙虾_2|马来西亚咖喱牛肉_2|老上海点心_2|大闸蟹_13|春卷_6|文火焖牛肉_2|葱烤小龙虾_8|葱油拌面_7|桂花糖藕_3|葱油饼_4|香菇面筋_1|四大金刚拼盘_8|,2005330.0,陆家嘴,168/人,口味:3.9 环境:4.5 服务:3.9 ,4.2,58791888,1725.0,0.0,,,距地铁2/14号线陆家嘴站1号口步行250m,世纪大道1号东方明珠8号门,121.496271,31.242098,周一至周日 11:00-14:00 17:00-21:00,2006年11月,
k4gJUWBIdALR1M6l,姜君·筵宴千岛湖,美食,本帮江浙菜,苏浙菜,浦东新区,八佰伴,0,1,0,0,0,0,,1,1,0,0,八佰伴  苏浙菜,“一碗见水平正宗美味的千岛湖鱼头汤”,八佰伴本帮江浙菜口味榜第10名,,,20人以上包厢_团队包场_10人以下包厢_10人－20人包厢_有景观位,竹林小炒散养鸡_3|黑椒牛仔骨_1|芝士薯留香_1|蟹粉鸡肉粒_1|招牌千岛湖鱼头砂锅_18|贝勒爷爆肥羊_1|千岛湖特色面_4|油爆河虾_4|黑椒雪花牛肉粒_116|四季豆_2|酱椒鱼头_2|粉丝蒸目鱼仔_5|冰淇淋山药_5|野生蒜澳排_1|杭式酱鸭_11|芒果玉米慕斯_12|炸鲜奶_8|粉丝煲_3|芝士薯留香配艾草糕_2|千岛湖土猪肉_17|土灶麻鸭_1|农家烧子排_1|剁椒蒸鱼泡_4|热炝腰花_5|豆豉鲮鱼油麦菜_1|三鲜面筋_2|佛门素烧鹅_1|姜葱珍宝蟹（每斤）_2|片皮鸭（1只）_1|麦香手指茄子_2|小鲍鱼_1|姜君千岛湖鱼头_724|金牌凤爪_69|姜君陈年太雕鸡_377|玉米慕斯_265|葱油蚕豆_12|老上海熏鱼_58|米苋_25|红糖糍粑_4|酥皮大虾_160|响油鳝丝_19|黑松露虾仁_276|梅干菜澳排_25|盐水鸡_7|杭白菜豆腐衣_11|沸腾鱼片_18|沙蒜捞面_11|小炒肉_29|自制黑豆腐_29|黑松露素烧鹅_17|芦笋带子_1|脆皮小棠菜_1|荔浦芋头夹肉_104|锅巴_6|干煸有机花菜_4|黑醋松坂肉_3|沸腾龙胆斑_2|金沙藕饼_7|鲜榨橙汁_2|糟三样_1|椒麻小美蛙_12|剁椒鱼头_12|酱炒猪肝_1|江南熟醉沼虾_22|凤尾西芹_1|洛神红酒配雪梨_1|千岛湖三鲜烩鱼丸_1|千岛湖白啤_1|蟹粉鸡头米豆花_6|黄焖甲鱼_3|手工农家鱼饼_8|蒜蓉粉丝蒸扇贝_10|银鳕鱼_3|Xo酱捞粉丝_4|千岛湖清水甲鱼_2|麦香黄鱼卷_10|养生瓜苗伴鸡纵菌_33|整只千岛湖鱼头汤_172|酒酿圆子_6|乳鸽_51|生炒广东菜心_1|砂锅荔浦芋头_13|冰皮猪手_1|千岛湖螺蛳_3|千岛湖土猪仔排_3|千岛湖桂花糕_14|野山蒜澳排_17|千岛湖老豆腐砂锅_4|花生芽爆猪肚_9|蒜泥空心菜_5|千岛湖带皮黄牛肉_9|原味雪花牛肋骨_21|锅贴小塘菜_1|鸡汁菜苔_8|萝卜丝饼_1|千岛湖鲜鱼手打鱼丸_21|脆皮咸鸡_2|洛神汁红酒雪梨_1|XO酱爆元贝_4|巧克力榛子南瓜_2|秋葵捞北极贝_1|蓝莓奶香山药_14|猪油渣杭白菜_1|艾草香米糕_402|千岛湖笋干煲_271|笋干菜烧鲜鱿_1|腌菜炒黄牛肉_2|冰粉_4|猪肚银牙菜_1|沸腾东星斑_1|猪颈肉_3|秋葵蛏子_4|网皮锅贴_17|金银蒜蒸鲍鱼_1|,1484280734.0,八佰伴,148/人,口味:4.6 环境:4.5 服务:4.4 ,4.5,58779991|17317798727,809.0,0.0,,八佰伴店,距地铁9号线商城路站2号口步行820m,南泉北路1029号中电大厦2楼,121.51461,31.227733,周一至周日 10:30-14:00 16:30-21:00  2022-03-16至2022-03-31 休息,2020年4月,
GaysEFZKt2QevrQH,上海小南国,美食,本帮江浙菜,上海本帮菜,浦东新区,世纪大道,0,1,0,1,0,0,连锁,1,1,0,0,世纪大道  上海本帮菜,"“食物外形赏心悦目,味道不错,色味俱佳”",,,,有10人以上大桌_商场餐厅_可预订_免费wifi_卫生间,松鼠桂鱼_51|姜汤汤圆_2|柳橙百香果_1|香煎牛小排_2|马兰头石榴裙_2|龙井_82|荠菜馄饨_4|牛排骨杏鲍菇_3|蟹粉干丝_2|玉兔拉糕_1|飘香樟茶鸭配黄金饼_1|糖醋小排_13|炝拌海蜇_1|羊肚菌时令炒素_1|本帮响油鳝丝_19|牛油果怀旧色拉_1|冰镇金柚小番茄_2|上海熏鱼_11|椒盐牛蛙_2|酒香太雕白水鱼_2|红烧牛筋煲_1|金桔柠檬茶_1|秘制蒜香骨_13|香葱石斑鱼_2|卤水鸽_1|鲍鱼红烧肉_4|红葱葱油拌面_103|清炖狮子头_2|宫保虾球_3|金瓜丝海蜇皮_11|口水鸡_6|浏阳小炒肉_8|老上海咸肉菜炒饭_10|梅干菜烧肉_1|上海手包小馄饨_2|荠菜鲜鱼羹_37|特色葱油饼_15|豉椒小牛仔粒_1|羊肚菌清汤狮子头_2|上海小笼汤包_66|四鲜烤麸_9|芥香木耳_8|弄堂粢饭糕_4|马兰头拌干丝_5|桂花糯米藕_9|石锅鸡汤烩手工蛋饺_35|阳春面_1|荠菜炒花菜_13|荷塘月色_28|红豆沙小圆子_16|蒜香阿根廷红虾_2|兰花水煮牛肉_1|麻婆豆腐煲_11|风沙小黄鱼_14|西洋菜排骨冬瓜汤_1|蟹黄捞饭_4|上海葱油拌面_1|蟹粉建湖虾仁_56|红烧河鳗_3|特色面筋煲_2|南国白切鸡_2|韭香竹蛏_1|酸梅汤_2|南国素鸭卷_1|豆苗_8|笋壳鱼_5|虾爆鳝_4|葱油鸡_1|香酥烤子鱼_1|奶汤天目鱼头_4|鸿运芝麻鸡_1|干煎馄饨_1|海鲜粉丝煲_1|酒酿小丸子_22|椒盐阿根廷红虾_9|火焰焗蟹_2|芝麻流沙球_9|虾仁粉丝煲_2|酥炸黄金巴沙鱼_4|黄金咖喱牛肉_2|香菜小素鸡_2|手拆蟹黄豆腐_65|陈酿熟醉大闸蟹_1|干煎东海吊带_1|家烧招牌大黄鱼_1|蟹粉芦笋_3|爆款当红一品鸡汤_1|香辣笋炖牛腩_1|青青毛菜豆腐衣_3|干锅烧花菜_2|酸奶_1|黄焖汁虾仁小米粥_1|沪式虾仁春卷_3|百页杭白菜_3|剁椒玲珑蛋_1|黑松露建湖虾仁_12|弄堂酱鸭_5|黑松露手剥河虾仁_4|外婆红烧肉烧卖_150|浓汤小米海参羹_6|鲜肉香煎锅贴_1|水晶虾饺_4|南国蔬菜色拉_3|麻酱馄饨_1|酸菜鱼_2|干煸豆角_2|开胃萝卜卷_2|笋丝红烧肉_2|百香果百合_4|酱爆猪肝_1|葱姜炒膏蟹_10|明炉盐焗鸡_3|回味鸭舌_2|苦瓜百合_3|冰糖河鳗鱼_1|农家小炒肉定食_1|金汤小米辽参_5|樟树鸭_2|腌笃鲜_7|陈年花雕醉鸡_5|汉斯小木屋轻零苏打水_1|老醋海蜇头_2|南国特色蹄膀_1|金汤牛花辗_2|蟹粉黄鱼_1|鲜炒带子_1|玉兰笋干烤红烧肉_4|,123534186.0,世纪大道,224/人,口味:4.1 环境:4.6 服务:4.2 ,4.1,58951873|58951872,706.0,0.0,,世纪汇店,距地铁2/4/6/9号线世纪大道站7号口步行240m,世纪大道1192号世纪汇广场4层L4-018,121.523692,31.229107,周一至周日 11:00-14:00 17:00-21:00,2018年11月,
l2uENkVvlnyxa5WQ,权茂上海菜,美食,本帮江浙菜,上海本帮菜,浦东新区,陆家嘴,0,1,0,0,0,0,,0,1,0,0,陆家嘴  上海本帮菜,"“店在陆家嘴商区,夜景应该是不错的”",,,3.4万人,可自提_Apple Pay支付_现金付款_付费停车,蟹粉小笼包_19|油浸笋壳鱼_10|糟香鸭舌_2|菊花茶_4|香煎东海带鱼_6|香煎鹅肝藕饼_6|农家小炒肉_2|生煸花菜_4|豆沙锅饼_5|咸肉菜炒饭_5|精品煮干丝_15|海鲜酸辣汤_1|什菜面筋_5|扬州炒饭_2|蟹粉虾仁_2|黑椒牛籽粒_1|红糖冰粉_1|金蒜蒸大连鲍_1|杏鲍菇牛柳_1|金针菇肚丝_4|葱油拌面_58|鸡毛菜_3|风味乳鸽_5|醋海蜇头_1|黄鱼春卷_2|水煮鱼_1|甜豆炒黄金耳_1|文火牛肉_10|石锅海胆豆腐_2|朝日啤酒_1|松鼠桂鱼_20|蟹粉西兰花_1|本帮条头糕_7|糖藕_17|松子桂鱼_1|芝士焗龙虾_11|火焰牛仔骨_1|辣子双拼_1|响油鳝丝_32|本帮熏鱼_360|酒香鲥鱼_7|石锅鲍鱼猪手_32|本帮鳝糊_369|草头圈子_29|酱爆猪肝_20|红烧鮰鱼_7|金蒜银丝扇贝_1|火焰牛肋骨_2|手打鱼饼_3|黑松露花雕竹林鸡_3|蒜泥粉丝蒸扇贝王_1|红蒸大黄鱼_3|清炒河虾仁拼荷兰豆松茸_7|本地菜饭_2|本帮素鸭_12|陈皮酱牛肉_4|芦笋百合木耳_5|葱油饼_4|清蒸八宝饭_1|美味金钱肚_5|两面黄_1|现榨西瓜汁_11|杨枝甘露_49|陈皮油爆虾_35|周庄咸菜毛豆_1|爆鱼_13|烤芙_12|清炒河虾仁_206|米饭_9|松糕_11|明虾_1|糟香四宝_2|糍粑_1|爽口西芹_7|美味菌王汤_18|秋葵山药炒南瓜_4|脆皮酱萝卜_1|荠菜瑶柱黄鱼羹_2|老油条牛肉_5|大理石纹香芋_3|菌菇汤_8|青菜_4|砂锅大鱼头_2|葱油海蜇丝_1|黑木耳拌百合_1|水煮牛肉_3|水果_10|权茂炒饭_4|膏蟹肉沫_2|上海吃饭糕_13|沙蒜豆面_1|冷切素鲍_11|和牛炒饭_1|蔬菜沙拉_9|上汤时蔬_13|马兰头拌香干_40|什菜面筋煲_14|鸭锁骨_1|特色大馄饨_5|烤鸭_158|芝士焗波龙_3|生煸时蔬_1|雪菜笋丝蒸大黄鱼_41|蟹粉瑶柱滑蛋_5|水晶虾仁_5|香炸藕夹_5|桃胶银耳羹_5|生煎包_28|爽口菜梗_4|剁椒鱼头_3|翡翠核桃仁_1|海参茄子煲_2|精品毛血旺_2|酒香天山鳕鱼_217|上海红烧肉_822|鲜肉小笼包_7|上海白斩鸡_490|石锅葱烤狮子头_88|石锅螺头豆腐_28|酒酿小圆子_29|海派元宝虾_26|蟹粉豆腐_23|糟香拼盆_9|脆皮小乳鸭_30|八宝辣酱_9|葱油三林塘肉皮_5|葱油芋艿锅_7|权茂新风鸡_2|话梅酱鸭_2|虾头酱炒荷花耳_1|,130890201.0,陆家嘴,229/人,口味:4.7 环境:4.7 服务:4.6 ,4.7,68365128,1480.0,0.0,,,距地铁2/14号线陆家嘴站8口步行420m,银城中路501号上海中心大厦L3-4,121.501194,31.235441,周一至周日 11:00-21:30,,
k8mzbSseUAKTYkAy,红盔甲,美食,本帮江浙菜,,浦东新区,世纪大道,0,1,1,1,0,0,连锁,1,0,0,0,世纪大道  本帮江浙菜,"“虾肉甘甜Q弹,一口一只停不下来”",浦东新区小龙虾热门榜第3名,必吃榜2022年入围餐厅,1.8万人,沿街餐厅_可在店食,秘制鸭爪_3|金牌黄焖龙虾去头_53|龙虾泡饭_26|帝王杯_2|羊蝎子_169|白煮莴笋_46|红盔甲手工现熬酸梅汤_24|冬阴功龙虾_3|怪味虾球_8|经典蒜香龙虾_599|经典咸蛋黄龙虾_813|经典麻小龙虾_884|经典酒醉龙虾_305|经典靓靓蒸虾_79|金牌花蛤_224|椒盐濑尿虾_190|经典十三香龙虾_2251|蛋炒饭_2|蛋黄小龙虾_10|年糕_125|鸡爪子_5|烤鸡翅_40|毛血旺烤鱼_2|香辣虾球_1|烤鸡胗_6|烤馒头_45|盐水毛豆_11|秘制大凤爪_55|干妈豆汁烤生蚝_5|水果黄瓜_23|蒜蓉烤带子_68|天府炒饭_26|锡纸娃娃菜_33|臻品靓靓蒸虾_10|金牌十三香龙虾去头_3|蒜蓉烤生蚝_48|爽口花生_16|古法烤猪手_57|蒜蓉烤扇贝_42|爽口毛豆_24|维维豆奶_2|干妈豆汁烤扇贝_7|干妈豆汁烤带子_8|爽口秋葵_3|手抓香辣濑尿虾_5|椰奶_2|秘制鸭头_19|自助调料_8|热气羊上脑_12|烤掌中宝_22|虾蟹传奇_6|十三香螃蟹_8|蓮藕_6|重庆美蛙火锅_1|田螺_5|麻辣小三_1|精选羔羊肉卷_3|小龙虾配菜_1|配菜面条_67|海天盛筵_6|酒醉大闸蟹_49|锡纸花甲粉_2|秘制泡菜_3|咸蛋黄虾球_2|麻辣大闸蟹_15|自制酸梅汁_186|六月黄_5|蜜汁小龙虾钳_1|酒香小龙虾_51|锡纸金针菇_52|羊肉串_225|臻品蒜香龙虾_26|香辣螺丝_51|扎啤_12|生菜_7|大刀毛肚_1|红盔甲小龙虾_10|午餐肉_24|炸豆皮_6|热气羊肉_28|青花椒烤鱼_3|蟹膏_3|海带_4|厚百叶_6|麻辣螺丝_7|五花肉_15|香辣味烤鱼_12|白汤羊蝎子煲_4|香辣羊蝎子煲_11|,101903203.0,世纪大道,213/人,口味:4.8 环境:4.7 服务:4.8 ,4.8,68800003,4424.0,0.0,,崂山路店,距地铁6号线浦电路(6号线)站4号口步行300m,崂山路718号,121.521937,31.222162,周一至周日 11:00-14:00 16:30-02:00,2018年3月,
k1ihcd0m3tcRQcME,黔香阁,美食,本帮江浙菜,上海本帮菜,浦东新区,世纪大道,0,1,0,0,0,0,,1,1,0,0,世纪大道  上海本帮菜,"“「秘制盗汗鸡」鸡肉很嫩,汤汁非常鲜美”",,,,老洋房_复古主题餐厅_古色古香_有室内景观_双人包厢,酸菜炒汤圆_177|贵阳红油米豆腐_52|贵阳辣子鸡_62|合味素鸡_7|黔香回锅肉_15|上汤西兰花_33|十二味滋补干焖草鸡_75|贵州小米浓汤烩蟹_6|酸菜豆米软哨烩饭_4|怪噜花生_5|炸春卷_2|香菜糊辣拌黄牛肉_1|黔香糟辣带鱼_1|贵阳什锦泡菜_1|贵州桂花甜酒粑粑羹_4|素瓜豆_3|青椒土豆炒脆哨_11|风味土豆饼_149|秘制扎佐酸菜蹄髈_15|肉沫虎皮青椒_6|特色椒麻鲈鱼_10|鲍汁咖喱牛腩_13|秘制鲍鱼配鸽子蛋_2|鸡丝虾仁炒面_4|贵州从江糯米蒸香猪_12|白灼芥兰_1|毛肚拌莴笋_10|糖醋小排_1|贵州五香驴肉_7|贵州泡椒虾仁_12|贵州苦竹笋_1|上海熏鱼_2|香菇菜心_4|椒盐石丁鱼_2|干椒西芹牛干巴_8|石锅腊肉烩青岩干花菜_2|罗汉上素煲_8|干香茶树菇_2|酸辣鸡丝蕨根粉_39|酸菜折耳根_2|烧椒茄子拌皮蛋_5|黔味麻辣豆腐_3|黔香阁干锅蟹_2|石锅酸麻豆花肥牛_33|酸菜鱼_3|酸菜炸汤圆_10|醉花螺_4|秘制醉香螺_29|夹沙肉_15|秘制盗汗鸡_598|花溪泡椒珍珠鲍_10|贵州石锅怪噜炒饭_21|石板泉水豆腐牛肉丝_22|黔香干锅辣子鸡_9|贵州酸汤乌江鱼_4|贵州黑豉椒爆明虾_6|红油肚条_1|贵州泡椒脆肠_5|荠菜馄饨_2|卤豆腐_9|黔香炒蟹_1|水豆豉拌苦瓜_1|甜豆五彩百合_2|贵州秘制酱鸭_28|水晶虾仁_8|花溪泡椒爆炒鲜鲍鱼_149|脆皮红烧肉_57|辣焗蜗牛_6|原汤麻羊肉_66|黑豆鼓爆明虾_92|折耳根炒老腊肉_11|凉拌折耳根_1|干锅腊味茶树菇_6|青岩玫瑰糖润三宝_13|腊味拼盘_4|遵义羊肉粉_3|青岩玫瑰糖润山宝_4|精选酸汤鱼家庭餐_1|贵州特色泡菜_3|赤水晒醋清拌莴笋丝_1|四色粽_4|香干回锅肉_20|贵州风味小龙虾_3|贵州茶油润山珍_4|红糖鸳鸯糍粑_4|贵阳青岩大卤拼盘_8|鸳鸯虾仁_2|黄金小米渣_427|花溪香干炒鸡丝_33|遵义香牛肉_19|豆腐圆子_38|遵义豆花鸡_17|花溪牛肉粉_281|魔芋烧土鸭_16|干锅牛筋_16|蒲香牛肉松_39|干焖溢香黔鱼头_15|遵义黄粑_22|葱油海蜇丝_4|老磨坊豆棒_3|丁香鱼拌野菜_11|黑豆豉爆明虾_16|仔姜爆牛肝菌_1|秘制天麻_1|宮爆板筋_1|青岩三拼_1|糖醋排骨骨_2|菊普茶_5|油焖笋_4|冰粉_8|酸汤肥牛_4|贵州季节性野菜_3|三得利纯生_1|鱼腥草_1|贵州泉水养生菜_5|炒贵州青菜_7|贵阳老腊肉血肠_3|黔味牛肚丝_1|贵州刺梨汁_5|自助水果_10|拌牛肉_3|香菇虾_7|地瓜叶_2|浓汤竹菌王_5|黑鸡枞炒贵州风肉_8|糟辣椒炒土鸭蛋_1|卷粉米豆腐_8|餐后水果_2|贵阳软哨素粉_12|牛肝菌_2|笋炒牛肝菌_2|黑鸡棕炒老腊肉_1|糟辣椒炒香椿土鸡蛋_2|干锅香辣牛蛙_38|贵州三宝乌鸡盅_47|黄焖鱼唇_9|鲍汁参肚_10|贵州酸汤鱼_139|酒酿圆子_27|黄糍粑_16|贵州糟辣蛋炒饭_12|贵阳肠旺面_36|黔香阁招牌炒蟹_130|冷盘驴肉_24|麻辣黔味干烧鱼_23|黔香焗羊排_47|糍粑辣子贵州甲鱼_15|糍粑辣椒豆花鱼_12|五谷丰登_21|麻辣鸭舌_3|老鹅煮干丝_11|青椒肉末粉_2|石锅赤水毛笋干_50|芦笋烩山药_22|贵州红油米豆腐_35|新卷米米豆腐_3|酸梅汁_4|香煎鱼_13|,75125394.0,世纪大道,153/人,口味:4.4 环境:4.6 服务:4.5 ,4.4,58377727|58377787,1975.0,0.0,,九六广场店,距地铁2/4/6/9号线世纪大道站11号口步行440m,东方路796号96广场301E号（近2号，9号，6号地铁世纪大道站12号出口）,121.519753,31.229726,周一至周日 11:00-14:30 17:00-21:30,2016年12月,
k5u5l1fU7uwR3YSm,丰收日,美食,本帮江浙菜,浙菜,浦东新区,八佰伴,0,1,0,1,0,0,,0,0,0,0,八佰伴  浙菜,“公司尾牙选了魔都这家老字号本帮菜聚餐”,,,1.2万人,夜宵_可自提_古典清韵_复古主题餐厅,核桃酥_2|辣子猪手_3|麻婆豆腐烧黄鱼_19|五谷丰登_20|红糖米馒头_3|铁板烧汁茄子_32|椒盐九肚鱼_19|倒笃梭子蟹_11|凤爪煲_1|酸汤肥牛_34|宁波汤圆_48|椒盐排条_11|海鲜大排档_17|干锅香辣牛蛙_6|冬笋蘑菇炒肉片_3|雪菜鱼籽白米虾_1|铁板鱿鱼_4|红烧东海三鲜_8|红烧大蹄髈_12|芥末色拉虾球_2|黄桃汁_2|孜然烤羊排_2|清炒丝瓜_1|素鲍鱼_224|芝士焗龙虾_8|丰收日红烧肉_123|水晶河虾仁_25|脆皮香芋_5|脆皮乳鸽_6|石锅腊肉饭_16|蛤蜊炖蛋_14|蜜汁南瓜_12|外婆红烧肉_5|四喜烤麸_9|鱼香肉丝配红烧带鱼_4|酸辣粉皮_2|肉汁萝卜_8|椒麻云耳_3|干煸四季豆_8|杭州酱板鸭_5|腊肉花菜_8|干锅有机花菜_6|板栗羊肉煲_4|老上海熏鱼_1|葱爆目鱼仔_6|生煎包_73|虾籽大乌参_1|口水鸡_2|香酥烤子鱼_7|手撕鳗香_1|椒盐虾菇_1|酸辣云耳_2|家烧生蚝红薯粉_1|干锅虾皮卷心菜_4|虾仁春卷_14|芥兰卤豆_5|目鱼大烤_12|鸡汁百叶包_1|德国咸猪手_3|梅干莴笋牛肉粒_1|金牌元宝虾_1|蜜汁叉烧酥_11|鲍鱼丰收日盆菜_6|菌菇竹林鸡汤_3|橙香排骨_7|避风塘基围虾_24|凉拌羊尾笋_2|硕果累累_3|梅干菜目鱼蛋_3|酸汤美蛙鱼_17|金蒜蒸扇贝_271|咸肉扁尖老鸭汤_1|酱黄鱼_1|一品菌汤_2|金牌酱鸭舌_1|滋补羊肉暖锅_1|相思带鱼_6|蒜蓉粉丝蒸扇贝_6|酱萝卜_11|糯米蒸甲鱼_2|特色野菜饼_1|老卤三拼_11|酱鸭舌_7|蒜香蛏鳝_2|香菜鸡蛋干_1|本帮熏鱼_28|碳烤和田牛排_8|豆豉蒸鲍鱼_2|广式蒸笋壳鱼_11|红糖麻糍_8|驰名樟茶鸭_12|海鲜丝瓜汤_300|白灼活水虾_2|丰收日全家桶_1|葱油饼_5|花雕醉黑枣_1|焦糖黑醋猪软骨_13|醉青鱼_1|京酱肉丝夹饼_4|浓汤丝瓜烩鱼肚_1|夫妻肺片_6|卤水金钱肚_1|椒酱牛肉_5|松茸豆苗_7|什锦土豆色拉_2|油淋笋壳鱼_1|三鲜烩蹄筋_1|绿豆汤_2|波斯龙_18|御桂梅煎_2|宫保虾仁鸡丁_3|老虎斑_3|塔菜蘑菇_1|红烧黄鱼_4|牛肋排_1|鸡鱼毛豆糟卤三拼_1|铁板茄盒_2|干烧笋壳鱼_1|蒜茸沙蛤基围虾_1|柳橙百香果汁_1|葱油海瓜子_634|牛气冲天_257|葱油膏蟹_277|盐烤蛏子_25|水晶虾仁_489|空心菜_2|西米露_1|木瓜炖雪蛤_1|酱汁菠菜_6|金汤白米虾_205|酒香大鲥鱼_64|丰味咸猪手_45|香磨汤圆芝麻糊_2|萝卜红烧羊肉_2|黄豆猪脚汤_2|干煸豆角_5|椒盐掌中宝_7|杭白菜烩芋艿_3|老坛什锦泡菜_2|招牌葱油白蟹_1|萝卜炖鱼头_1|丰福点心礼_42|渔家暖锅_2|杏仁木瓜炖雪耳_3|葱油蚕豆_4|流沙凤凰包_2|陈皮红豆沙_12|紫金酱凤爪_5|水晶肴肉_4|卤水大拼_2|宁波风味三拼_3|三臭蒸豆子_4|手撕白水洋豆腐_4|牛筋_2|山药汁_2|肉丝雪菜炒毛豆_1|海味鱼面筋_7|香脆炸四宝_1|荠菜黄鱼馄饨_8|十八味河鲫鱼_1|石浦麦饼筒_5|特色烤牛排_8|荠菜肉丝炒年糕_2|松鼠鳜鱼_44|焦糖黑醋软骨_1|碳烤猪肉_1|椒盐濑尿虾_2|臭豆腐烧肥肠_1|宁波三臭_1|杂鱼_2|清蒸东海三鲜_2|水果_15|松子芦笋_1|全家福_3|冰爽黄桃汁_1|牛油果蔬菜沙拉_5|安吉竹林鸡炖菌菇汤_3|生日面_4|花蛤_2|盐焗蛏子_18|果木烧猪排_89|特色粢饭糕_2|蒸海鲜_2|西瓜汁_3|黄瓜海蜇_1|白切羊肉_19|山药玉米排骨汤_12|酒香草头_23|梅菜窝窝头_1|糟溜三白_2|番茄鸡蛋_1|咕咾肉_2|糍粑蛋_2|双椒蒸蛏子_101|酸菜土豆炖番茄排骨_4|五代小笼包糖水组合_6|和田牛排_1|葱油鸡_14|玉米汁_15|松仁芦笋_2|炭烤猪肉_2|浦江豆腐_4|响油鳝丝_7|蒜茸粉丝蒸波斯龙特价_3|韭菜嫩藕炒肉丝_1|豆腐衣炒杭白菜_1|蒜怪鳝丝_2|丰收日大排档_63|点心拼盘_5|酒香大香鱼_4|雪菜黄鱼汤馄饨_43|丰收日炒面_36|腌笃鲜_13|毛血旺_34|盐烤群鲜_9|秘制橙香小牛排_1|海鲜盛宴_5|海鲜面疙瘩_23|特色酥豆煲_4|海鲜泡饭_20|海鲜捞鸡_15|双色米糕_2|香草煎羊排_1|丝瓜蛤蜊汤_1|雪花叉烧包_1|蒜子焖土鸡_2|冬笋蘑菇炒肉八片_1|蒜蓉粉丝开背虾_1|火龙果蔬菜色拉_2|白斩鸡_480|铁板碜子_2|臭冬瓜_28|清蒸桂鱼_6|海鲜喽_2|皮蛋_2|辣子兔肉_1|三黄羹_1|糖醋小排_21|红烧河鳗_1|毛蟹年糕_3|玉米烙_63|凉拌海蜇_1|上汤芦笋_2|刺身_16|黑椒牛仔骨_41|新风鳗鲞_1|鱼头汤_5|红膏蟹_2|油炸龙头鱼_1|烤菜_235|椒盐龙头烤_475|蔬菜色拉_20|鱼子_1|盐烤金枪鱼_2|海苔年糕_5|年仔骨_3|海带子_1|黄鱼海参羹_3|蒜蓉扇贝_18|笋干烧肉_2|长沙小炒肉_6|酒酿饼_4|肉末茄子_5|葱油蟹膏_95|糍饭糕_1|香酥鸭_10|桂花糖藕_14|海鲜大咖_3|酸菜鱿鱼_5|葱油芋艿_3|腊味咸鱼拼_2|荠菜黄鱼羹_5|蒜蓉粉丝蒸波龙_3|群鲜炖蛋_3|雪菜笋丝蒸大黄鱼_5|水晶虾饺_7|黄金糕_3|苔菜黄鱼_3|炝海蜇_14|宁波豆苗菜_1|鳕鱼赛蟹肉_1|葱油泥螺_6|红糖发糕_1|酸辣土豆丝_1|麻辣豆腐_1|剁椒鱼头配乌冬面_12|丰收日小炒_17|馋嘴蛙_23|酒酿米馒头_2|蛋炒梭子蟹年糕_5|面拖黄鱼_1|小米煮鲍鱼_12|干煎带鱼_14|葱姜蛏子_6|苔菜汤圆_6|蟹黄豆腐_11|生爆鹅肝牛仔粒_7|清炒虾仁_1|干锅臭豆腐_10|草头圈子_3|鸡蛋干肥肠煲_3|蒜泥空心菜_2|韭菜春笋土鸡蛋_1|丰收日大拉皮_2|蛤蜊蒸蛋_3|阳春面_1|蒜茸开片蒸基围虾_40|醋溜大白菜_1|葱油东海大黄鱼_1|香干马兰头卷_3|酒香松柳_1|脆皮牛肉_330|上海小笼包_8|香茜海鲜羹_1|黄泥螺_39|鲍汁扣鹅掌_3|猪骨花生粥_1|雪媚娘_15|清蒸鲥鱼_13|金沙包_2|菠萝色拉_1|酒酿小圆子_80|酱拌海蜇头_26|苦瓜小排汤_3|丰收日鱼面_1|肉骨粥_3|南国红豆糕_10|午茶_9|肠粉_1|秘制东坡肉_1|铁板肉糜蒸茄子_8|海蜇蒸马鲛鱼_1|香脆鸡_3|丰收日炒米粉_2|墨鱼大烤_15|烧骨粥_2|流沙包_2|龙虾_54|鸡汁小笼_1|多宝鱼_42|肘子_8|萝卜酥_1|炭烧茄子_3|北京酱肉丝_2|海鲜羹_1|三鲜烧菜心_2|豆腐脑_2|狮子头_1|酸菜肥牛_3|茶树菇八爪鱼_5|油爆蛏子_1|油炸九肚鱼_2|黑米汁_6|酿茄子_3|海鲜鱼面筋_2|苔菜年糕_16|安吉竹林鸡_66|烤乳猪_4|椰汁芒果布丁_5|鸡汁安吉笋_26|明炉羊肉_2|三文鱼_7|鲜肉水饺_3|青蒜蘑菇笋片炒肉片_4|尖椒炒鱿鱼_1|韭菜鸡鸭血_1|家烧海带_6|白切肚尖_3|牡蛎跑蛋_1|生焗河田鸡_5|,500191.0,八佰伴,127/人,口味:4.4 环境:4.4 服务:4.3 ,4.4,68886888|4008205757,2964.0,0.0,,商城路店,距地铁9号线商城路站2号口步行80m,商城路518号（近南泉北路口）,121.51311,31.23221,周一至周日 10:00-14:00 16:00-21:30,2004年4月,
G2fKNnhjy6nvfcpk,香然会,美食,本帮江浙菜,苏浙菜,浦东新区,源深体育中心,0,1,0,0,0,0,,0,1,0,0,源深体育中心  苏浙菜,"“别具一格的私家菜,家具艺术博物馆”",源深体育中心美食好评榜第1名,,2.2万人,大隐隐于市_低调奢华_庭院餐厅,蒜茸开背蒸草虾_12|宫廷八宝鸭_77|金银蛋浸时蔬_12|蛋白蒸长脚蟹_37|创意冷菜拼盘_16|黑松露菊花豆腐_17|清蒸龙趸鱼_19|白菜炒年糕_11|葱油南宁膏蟹蒸肉饼_19|鲍汁扣辽参_1|水晶虾仁_2|江南鲍鱼焖土猪肉_1|一品鲜_1|黑松露芥味爆虾球_19|冻顶乌龙鹰嘴豆蒸深海鳕鱼_15|黄椒酱银丝鲜鲍_7|法式煎明虾配香芹芒果汁_10|黑松露滑鲜虾球_11|迷你佛跳墙_29|低温慢烤牛肋骨_8|顶汤水煮东星斑_7|葱烤北海道刺参_39|香菇包_2|叉烧包_1|熏鱼_3|干煸广东菜心_2|15年太雕蒸长脚蟹_1|家烧野生大黄鱼_26|上汤浸时令蔬菜_16|温泉蛋_5|鳌虾_5|绿野仙踪_1|江南文火牛肉_1|金汤小米扣海参_15|黑松露炒鲜虾仁_3|青花椒蒸笋壳鱼_2|精美冷菜四小蝶_2|南非干鲍炒酱_4|文火焖牛小排_3|松茸汤_3|普洱茶_2|响螺_5|雪花牛肉_72|云南鸡纵爆爽肉_1|季节时蔬_3|江南冷菜拼_1|手拆蟹黄炖土鸡蛋_1|法式创意小西点_19|红酒汁巧煎羊排_78|御膳养生嫩豆腐_30|黑椒汁和牛_7|蘑菇浓奶汤_14|浓汁菊黄狮子头_25|清蒸笋壳鱼_4|宫廷十年普洱_2|滇红_3|正山小种_2|特级龙井_2|安吉白茶_2|精美冷菜八小碟_19|香煎手工云吞_8|十五年太雕蒸红毛蟹_2|深海沙蒜烧豆面_27|老上海红烧肉_19|五味杂粮糕_3|泰式虾球_7|XO酱爆炒象拔蚌_2|米汤浸有机时蔬_1|盐焗黄金螺_16|低温慢烤波士顿龙虾_2|芥菜蘑菇烩鱼肚_2|家烧手撕豆腐_3|油浸笋壳鱼_10|过桥野生大黄鱼_4|鱼头佛跳墙_2|雪花牛排_51|盐焗鸡滑虾片_12|猪颈肉_6|聚宝盆_104|芝士焗青龙仔_10|迷你南瓜盅_7|香酥带鱼_13|羊肚菌炒澳带_8|盐焗黄油蟹_7|蟹舞_25|原味牛肋骨_7|泉水炖冬瓜盅_13|鲜芦笋脆果煎澳带_29|金秋蟹粉捞鱼肚_64|泉水清炖鲜松茸_97|文火焖牛肉_154|金牌卤鸽_10|原汁海水菊黄_124|葱烤野生海参_3|,16974118.0,源深体育中心,726/人,口味:4.8 环境:4.9 服务:4.9 ,4.9,60937538|60752957,622.0,0.0,,钦殿店,距地铁6号线源深体育中心站4号口步行300m,钦殿街57号,121.526727,31.235167,,,
k5wZCgcn7YV9ox9b,沪小胖小龙虾&羊棒骨,美食,本帮江浙菜,,浦东新区,八佰伴,0,1,0,1,0,0,,1,0,0,0,八佰伴  本帮江浙菜,“感觉老牌的网红店需要紧跟时代步伐”,浦东新区小龙虾服务榜第2名,,,有WIFI_卫生间_有8人-10人大桌_免费wifi_有停车场,带子_2|一大盆十八香大虾_107|一十三香大虾_1|泉水清蒸龙虾_2|一大盆十八香龙虾_7|招牌去头去筋龙虾_10|黄焖大闸蟹_23|咸蛋黄牛蛙_1|烤扇贝_30|飞天油焖龙虾_3|话梅酒醉龙虾_1|小胖炒饭_5|辣炒螺蛳_34|全味虾丸子_2|一大盆生蚝_12|黄焖小龙虾_52|冰镇小龙虾_16|莴笋_4|烤澳带_3|椒盐富贵虾有膏_18|沪小胖现熬酸梅汁_3|鸡蛋炒面_12|北京麻辣小龙虾_3|盱眙十三香龙虾_58|百威纯生_5|手撕牛蛙_11|辣炒蛤蜊_15|金湖蒜香龙虾_2|沪小胖竹蔗马蹄水_2|糟卤毛豆_13|蒜泥黄瓜_24|糟卤花生_1|麻辣鸭头_6|招牌龙虾_8|金针菇_20|砂糖番茄子_2|招牌香辣富贵虾_10|北京麻小龙虾_10|蒜蓉小龙虾_4|咸蛋黄龙虾_9|羊骨棒_3|冰醉话梅小龙虾_62|啤酒龙虾_7|鸡脆骨_7|午餐肉_1|烤羊肉串_10|小酥肉_58|黄焖虾蟹搭档_3|蒜蓉虾蟹_1|香辣蟹_3|小胖炒面_1|羊大骨棒战斧羊排拼盘锅_38|,1921528562.0,八佰伴,174/人,口味:4.8 环境:4.6 服务:4.8 ,4.7,50686702|18001854752,622.0,0.0,,八佰伴店,距地铁9号线商城路站2号口步行250m,浦东南路1101号1楼（近南泉北路，付小姐在成都旁）,121.513232,31.230732,周一至周日 11:00-03:00,,
G89YMmKXWHswoQMb,荷风细雨•中国茶宴,美食,本帮江浙菜,上海本帮菜,浦东新区,八佰伴,0,1,0,0,0,0,,1,1,0,0,八佰伴  上海本帮菜,,八佰伴本帮江浙菜环境榜第3名,,,古典清韵_诗情画意_闹中取静_菜品精致,茶香油爆虾_3|马兰头石榴包_3|日本清酒鹅肝_7|油鸡枞牛肉炒饭_1|香椿炒土鸡蛋_1|雪花牛排_3|川卤鹅翼_1|猪脚_1|一品香椿蒸黄鱼_2|鸡斗米火腿嫩豆_28|韭菜花炒土豆丝_2|橙味冻糕_1|功夫鱼头汤_4|绿豆蛋黄酥_1|芝士沙拉_1|芒种虾皮拌马家沟芹菜_2|鱼子酱松板肉么么皮_8|辣酒汁浸花螺_12|鱼籽酱脆炸水潺_1|笋壳鱼_29|铁观音牛肉_3|白菜苔_1|芸豆蹄花汤_3|香煎八宝饭_2|盐酥豆腐配蟹粉_2|膏蟹蒸肉饼_9|茼蒿_2|百香果布丁_109|香椿九肚鱼煎蛋_2|黄焖甲鱼_1|海鲜黄鱼面_2|陈醋海蜇皇_5|甜豆丝拌虫草花_1|招牌普尔红烧肉_1|杨枝甘露_29|海胆盐卤豆腐_34|二十四节气汤_3|杏仁雪花小牛肉_44|浓汤天目山石笋_3|桂花山药糕_5|茶香果木烤鸭_52|茉莉花白灼小龙虾_1|杭式片儿川_4|海皇鲍鱼炒饭_13|葱油三黄鸡_1|蒜蓉虾春卷_2|麻辣牛筋_2|手剥河虾仁_20|丝苗米饭_1|松茸胎菊螺头汤_1|葱烧海参_2|雀舌蟹粉狮子头_3|传统方糕_1|天鹅榴莲酥_9|辽参煮豆面_1|茉莉花蒸百合_3|龙井虾仁_1|金兰花炖花胶_1|二人六道式下午茶套餐_3|油条_6|雪梨老鸭煲汤_1|柠檬_7|黑松露鲜肉月饼_18|黑松露红烧肉_1|甜豆芡实_3|黄鳝_2|锦绣江南四冷拼_2|鱼戏莲叶_1|担担面_26|红油脆哨凉粉_1|麻辣水煮八仙锅_172|响油鳝丝陪饼_4|珊汁芝麻虾_1|清蒸大闸蟹_23|东星斑_2|玫瑰山药凤梨糕_3|龙虾汤海味泡饭_2|双龙戏珠_1|咸肉煲笋衣_6|豉油凤爪_1|御品菌皇汤_13|石锅松茸豆腐_5|樱花虾葱油蚕豆_1|宫爆灌汤虾球_1|霸王花炖蹄膀_1|麻婆豆腐烧牛筋_11|荷塘月色_6|虾籽春笋_3|酥皮叉烧包_2|葱香脆皮鸡_1|茉莉花茶清灼小龙虾_2|文火小牛肉_6|天目山笋干_3|梅子排骨_2|蟹粉花胶烩豆腐_15|陈皮白茶炖老鸽_2|蒜香排骨_1|虾皮芋艿羹_1|黑天鹅_1|古法陈皮红豆沙_2|生日面_7|蛋黄鳗鱼卷_2|荷风素面_1|桂花糖藕_15|雪花牛肉挞_1|陈皮普洱_2|蟹粉粢饭糕_2|糟猪肚_2|桂花熏鱸魚_130|咸肉菜饭_1|油醋水云丝_424|糟香四宝_1|茶熏果木烤鸭_2|炸烹大虾_8|金牌普洱紅烧肉_504|香茅咖喱大虾_33|海南螺丝椒小炒肉配饼_3|核桃芦笋炒黄耳_1|红糖冰粉_1|枣泥定胜糕_8|奶油夏威夷果_1|二十四节气茶_4|面饼_1|桂花桃胶冻奶_1|宫廷普洱_1|茶香红鳗_3|餐前水果_2|时令蔬菜_24|陈醋海蜇头_5|茉莉花茶蒸雪花牛肉_6|鱼子酱野菜豆腐包_2|砂锅豆瓣青花菜_1|山楂鹅肝_18|烟熏素火腿_4|五常贡香米_1|锦绣三拼_2|蟹黄花胶_1|舒芙蕾陈皮燕麦红豆沙_3|时令果盘_2|陈醋海蜇_1|荷叶粉蒸肉_1|十二生肖白酒盅_6|相思酱油肉_1|小炒肉_1|上汤芦笋_5|雪菜黄鱼_5|雪菜黄鱼煨面_8|茉莉花蒸雪花熏牛肉_60|上海熏鱼_2|酒酿圆子_5|黑醋粒南瓜_1|沙蒜绿豆面_13|点心拼盘小份_21|东海黄鱼_23|椒麻三件_8|江阴鲥鱼配面盏_4|川味鲍鱼辣子鸡_57|葱油梭子蟹_1|萝卜丝紫菜煮法国生蚝_2|韭香小土豆_1|花胶葛仙米翡翠冬瓜脯_3|黑米山楂糖藕_3|茶香烤菜心_1|松鼠桂魚_4|芙蓉花雕蒸帝王蟹_2|片皮鸭包饼_2|膏蟹醉花螺_293|江曼蛋黄卷_4|黑松露牛肉饼_2|虾子春笋_2|老妈蹄花汤_3|黄鱼馄饨_2|手做官燕绿豆糕_75|松露素烧鹅_31|澳洲牛腱_2|荷风松露卷_1|螺丝椒小炒肉_2|红豆流沙糕_2|酱香一口脆_3|糖醋脆皮牛肉_20|荷风四小碟_5|麻婆豆腐烧海参_1|沙蒜茭白_1|蜀香酸菜鱼_1|龙虾汤海皇泡饭_9|三杯鳕鱼_1|麻婆豆腐烩辽参_4|石锅土豆烧牛腩_1|福禄神仙鸡_7|琵琶川贝炖西施骨_1|桂花桃胶百合配银丝饼_1|青藤莴笋_1|草头_3|清炒菠菜_5|五谷杂粮煨鲍鱼_1|黑松露肉糜炖蛋_1|酱汁双脆_1|桂花糖醋小排_102|荷风冷面_1|鱼汤豌豆苗_5|原味核桃酥_1|翡翠大白鱼_3|,107480398.0,八佰伴,482/人,口味:4.8 环境:4.9 服务:4.7 ,4.7,68530777|17701676027,1911.0,0.0,,世纪大道店,距地铁9号线商城路站1号口步行220m,商城路665号陆家嘴1885广场A栋,121.513476,31.233878000000004,周一至周日 09:30-22:00,2018年5月,
G2zS1Cc4SpcvNJAk,胡氏盱眙十三香龙虾,美食,本帮江浙菜,,浦东新区,世纪大道,0,1,0,1,0,0,,1,1,0,0,世纪大道  本帮江浙菜,"“天气冷了,最适合的就是吃羊肉火锅”",,,,夜宵圣地_沿街餐厅_有宝宝椅_有沙发位_有无烟区,莴笋片_1|咸蛋黄龙虾_44|滋补羊蝎子锅_3|鸡中翅_19|正宗盱眙十三香龙虾_1|牛板筋_5|烤小鲳鱼_1|阿根廷大鱿鱼_1|鹌鹑蛋_1|西红柿_2|燕饺_1|烤带子_41|羊肉串_105|掌中宝_15|蛋炒饭_2|香辣龙虾_7|冬瓜_1|烧烤_137|椒盐富贵虾_9|剁椒皮蛋_6|冰镇素鲍鱼_2|亲亲肠_3|皮蛋豆腐_12|凉拌金针菇_2|白灼龙虾_16|鸭血_3|烤金针菇_1|山药_3|蒜泥黄瓜_2|碳烤羊腿_1|土豆_3|凉拌木耳_4|牛舌_1|小素鸡_1|扇贝_1|经典十三香龙虾_178|招牌金汤蒜泥小龙虾_34|传统蘸料白灼龙虾_3|秘制蛋黄小龙虾_1|蒜蓉生蚝_26|招牌金汤蒜蓉龙虾_72|传统十三香螺丝_8|金汤花甲_18|特色椒盐小龙虾_5|雪花啤酒_2|经典十三香小龙虾_13|可乐_1|烤猪蹄_9|羊肉_70|猪脆骨_1|馒头_2|韭菜_2|加羊排_1|鸡心_1|羊腰子_1|加莴笋片_1|加年糕_4|秋刀鱼_2|茄子_12|蔬菜拼盘_1|烤鱼鲶鱼_3|糟毛豆_1|干锅牛蛙_13|皮皮虾_11|五花肉_9|香辣大田螺_5|,38112900.0,世纪大道,132/人,口味:3.8 环境:3.6 服务:3.6 ,3.6,18717739336|13636666374,746.0,0.0,,崂山路店,距地铁2/4/6/9号线世纪大道站11号口步行910m,崂山路620号（近潍坊路）,121.51989,31.226478000000004,周一至周日 16:00-04:00,2014年4月,
G2g8aawRRIqHzir8,张生记,美食,本帮江浙菜,浙菜,浦东新区,陆家嘴,0,0,0,0,0,0,,1,1,0,0,陆家嘴  浙菜,"“黄浦江的江景,外滩的百年建筑做背景”",,,3.1万人,外滩夜景_可自提_有无障碍电梯_复古主题餐厅,#双薯色拉_1|莴笋炒蛋_1|牛腩煲_3|蜜制脚圈_3|黄油黑椒牛肉粒_10|特色萝卜干_2|瑶柱文思豆腐羹_6|紫薯球_1|莼菜老鸭煲_1|瑶柱扒芦笋_2|荠菜虾仁烩山药_5|文思豆腐汤_1|古法马拉糕_5|毛蟹炒年糕_1|咸肉虾干蒸娃娃菜_13|手撕咸鸡_1|渝信煮海鲜_2|风味鸭掌_1|广式蒸笋壳鱼_26|杭式素烧鹅_3|家乡浓汤老豆腐_1|粽香糯米蟹_15|秋葵双瓜炒山药_8|老醋海蜇配脆瓜_26|葱油开洋拌面_25|椒香馋嘴蛙_13|秘制脚圈_1|菌菇锅_1|葱爆茴香牛肉粒_3|酸汤肥牛_4|酱牛肉_4|虾仁小笼包_1|特色甜豆_7|鳝鱼_4|酒香草头_5|坛子鸡_1|鱼头汤_2|大闸蟹_2|鸭子汤_2|鲍鱼鸭掌_2|鸭汤煲_2|老豆腐_1|江南白切鸡_115|蟹黄水晶虾仁_6|红糖发糕_2|糟味拼盘_5|鲜榨果汁_1|豆花鱼片_2|鲜虾煎饼_2|响油鳝丝_46|西湖桂花糯米藕_9|美味腊鸭舌_63|牛油果冰草沙律_5|豆豉小黄鱼_1|金蒜酱蒸波士顿龙虾_19|山药炖牛筋_1|红烧羊肉煲_2|炒雀胗_1|菊花茶_2|苔条软壳蟹_6|蜜汁火方_6|小鲍鱼炖嫰鸡_7|桂花糖醋小排_68|三鲜芦笋_2|江南四喜烤麸_36|芙蓉蛋_2|番茄酸汤煮肥牛_10|西湖藕韵_3|钱塘元宝虾_113|倒笃菜目鱼头_1|糟香沼虾_1|松子桂鱼_64|龙井虾仁_888|松子鲑鱼_6|西湖桂花藕_595|一品菌皇煲_9|越式牛肉粒_49|蟹粉豆腐_411|炸响铃_15|虾爆鳝_44|燕皮馄饨_3|焖蹄_2|百果虾仁_10|招牌笋干老鸭煲_2012|荞麦包_2|龙井问茶_4|泰式炒牛肉_2|红烧肉炖八爪鱼_2|年糕红豆羹_2|海苔黄瓜_3|比目鱼红烧肉_4|石锅蹄筋_5|火丁甜豆_91|蹄筋煲_59|咸肉膳筒煲_2|芒果色拉_201|毛血旺_8|韭菜虾仁饺子_2|豆豉黄鱼_2|干锅蹄膀_2|杭椒牛柳_6|清炒芥兰_4|花生脆骨干锅_2|酸汤芙蓉鱼_1|鸭舌头_2|膏蟹粉丝煲_2|金桔汁_1|葱油蚕豆_4|腊鸭舌（35元）_1|韭菜蒸饺_1|清蒸鲥鱼_32|乳鸽_206|糯米素烧鹅_10|酸菜鱼_34|木耳羹_1|乾隆鱼头_23|东坡肉_106|萝卜炖牛筋_2|玉米汁_6|百叶结烧肉_1|醉八珍_1|芙蓉鱼_1|文武鱼头_1|西湖醋鱼_67|萝卜牛筋煲_1|炖鹅掌_1|冷盘里面的花生米_1|油爆虾_64|蒸馄饨_1|香糟小黄鱼_2|猪尾巴_3|宫爆豆腐_1|芙蓉鱼片_1|银丝膏蟹_1|杭式荟鱼圆_1|椒拌小茄子_3|红烧杏鲍菇_1|口水鸡_1|卤味拼盘_14|清炒米苋_3|片儿川千张包_4|雪菜蒸大黄鱼_12|清炒豆苗_27|塔菜冬笋_4|红葱酱焗元宝虾_1|东坡肉配云南甜豆_13|咸肉菜炒饭_2|炖猪蹄_1|扬州炒饭_11|宁式鳝丝_9|秘制小排_3|菠萝咕咾肉_25|蟹粉小笼包_8|上汤鲜蔬_1|当红脆皮鸡_19|三丝春卷_1|倒笃菜目鱼丝_9|巴蜀薄片牛展_1|菜肉大馄饨_1|干锅有机花菜_6|鲜虾春卷_1|秘制安格斯牛肉_7|鱼露肚尖_1|鲍鱼扒鹅掌_473|杭式蒸双鲜_11|时令鲜蔬_1|干炸两样_1|海鲜酸辣汤_7|五谷杂粮烩鱼肚_3|京葱爆牛筋_1|翡翠鱼圆_5|杭式熏黄鱼_32|糖醋小排拼翡翠豆芽_3|小葱炒鲜贝_2|秘制牛肋条_2|捞汁沙姜猪手_2|酒香高山豆苗_2|黑松露燕麦扣辽参_1|白灼百合秋葵_8|斑节虾_1|荷塘三宝_1|杏鲍菇炒爽肉_1|葱香椒麻鸡_7|菠萝牛角酥_1|上汤瑶柱西兰花_4|山药荠菜羹_1|绍兴醉鸡_52|海鲜豆腐煲_2|特色生煎包_50|大葱炒牛蹄筋_1|招牌麻香鸡_1|杭州卤鸭_4|百合蜜枣南瓜_7|杭式烩鱼圆_20|飘香榴莲酥_15|特色糖醋排骨_2|葱姜膏蟹_1|炭烧排骨_8|上海炒面_5|精品糟拼_10|蒜茸粉丝蒸澳洲龙虾_1|象鼻蚌刺身中拼_1|黄桥小烧饼_3|千叶开片虾_10|广式蒸东星斑_1|芝士牛油焗龙虾_1|醋拌凤尾鱼_7|红油炝金钱肚_1|松板肉拼翡翠豆芽_1|时令蔬菜_10|川椒酥香牛蛙_3|花菇扣鹅掌_1|焦糖布丁_8|油爆河虾_1|黄鱼响铃_15|海鲜干捞粉丝_4|梅菜油爆沼虾_2|河虾仁炒山药_4|雪菜炒嫩菱_1|泡椒牛蛙_1|茅根水_7|牛肋骨_5|鲍鱼红烧肉_51|xo酱爆螺片_1|鸡油花雕蒸膏蟹_4|葱油拌芋艿_1|古越酒蒸鸡_1|白灼基围虾_4|干煎带鱼_1|酸菜煮肥牛_1|七彩豆腐_1|黑松露山药_1|上汤烩竹荪_1|倒笃菜尖椒炒笋干_1|包头鱼_1|惠民生鲜桂鱼_1|黄焖鱼翅捞饭_1|干煎鲜带鱼_2|钱江肉丝配夹饼_1|澳洲东星斑_1|鸡纵菌焗澳带_1|荠菜炒年糕_1|上浆野生河虾仁_6|秋葵炒松板肉_1|熟牛腱子肉_1|醉八仙_7|腐竹青菜_6|桔子牛肉_1|宋嫂鱼羹_12|特色粉丝煲_33|翅汤东星斑_1|蟹粉云丝羹_1|大龙虾_1|翅汤木耳_1|四川回锅肉_1|龙虾泡饭_1|OK酱爆牛柳_5|鳗香_1|白果虾仁_8|银丝蟹煲_1|千层肉_1|上汤菠菜_1|腊鸡_1|扇贝_10|豆干_3|布袋鱼翅_1|冷菜小南瓜_1|酱鸭_24|猫耳朵_2|百年好合_17|蟹粉烂糊肉丝_1|醪糟八宝_4|牛肉豆腐煲_3|芥末芥蓝_1|清炒鸡毛菜_1|瑶柱蛋黄粉丝_1|古法蒸鲥鱼_57|黑米汁_1|葱包桧_10|鲍鱼茄子煲_1|牛尾_1|辣味口水虾_1|桂花糖藕_39|万年青_1|咸肉蒸螃蟹_4|椒盐猪手_1|宁波汤圆_2|杭椒炒虾皮_2|咸猪手_2|肉碎橄榄菜炒四季豆_6|生鱼片_2|鳝筒煲_2|藕片木耳_2|炒手掐菜_2|盐焗猪手_2|翅汤娃娃菜_2|青椒咸菜木鱼花_2|鱼面筋烧菜心_3|菌菇象拔蚌_3|蒸石斑鱼_4|芒果汁_2|刺身拼盘_2|的笃笋目鱼_3|松鼠鲑鱼_4|酒酿炖蛋_2|红烧肉炖蛋_2|桂花酒酿圆子_81|麻酱油麦菜_5|鸡汁白灵菇_8|小烤鱼_2|狮子头_2|鱼面筋煲_2|凤尾虾仁_2|清蒸多宝鱼_3|蟹黄汤包_3|葱油鸡_2|炭烧松阪肉_2|牛柳粒_12|蟹粉鱼肚_3|养生核桃紫薯沙律_3|葱烤排骨_2|沙姜本鸡_2|盐焗鸡_2|虾肉春卷_2|上汤干丝_2|烧烤牛肉_2|杏仁雪蛤球_2|鹅肝_26|皮蛋豆腐_1|八宝酱丁_11|糟熘鱼片_1|糯米糕_1|杨枝甘露_14|酸梅汁_1|招牌素鲍鱼_58|水果拼盘_1|大葱油条包饼_1|青豆_2|凉拌黑木耳_2|糟卤拼盘_1|老醋海蜇头_2|肉沫蒸膏蟹_4|板栗大白菜_1|红豆沙汤团_4|蟹粉香菇_1|油焖春笋_4|三文鱼冰草沙律_2|陈皮豆沙小丸子_1|清炒水晶虾仁_2|鲜肉小笼_4|特色小笼包_59|红酒牛肉粒_1|烤猪颈肉_3|炒素蟹粉_11|冻糕_1|上海熏鱼_17|木瓜炖雪蛤_3|椒油豆苗_7|芝士番著栗子_1|荷芹炒腊味_1|干拌牛肚_3|南瓜面疙瘩煮波斯顿龙虾_3|桃仁杂粮沙律_2|荠菜松茸烩鱼肚_2|杭州葱包烩_16|小炒牛蛙_2|大虾粉丝煲_6|玫瑰细沙南瓜饼_5|招牌虾肉小笼包_12|特色酱萝卜_12|招牌文火小牛肉_17|咸菜尖椒炒香干_3|南瓜八宝饭_4|葡式出炉热蛋挞_1|大黄鱼烧年糕_34|午市套餐_25|水煮牛肉_1|卤水拼盘_1|片儿川面_2|腌笃鲜_2|炸臭豆腐_1|酒酿圆子羹_3|咸蛋黄元宝虾_1|鲍鱼捞饭_5|招牌文火焖牛肉_8|碧绿美醋茄_1|白果水晶虾仁配玫瑰细沙南瓜饼_1|红烧羊肉_1|酒酿小圆子_7|鲜肉锅贴_8|山核桃冰糕_24|糍饭团_3|特色红烧肉_356|腐皮毛毛菜_9|葱爆肥牛_1|野椒汁蒜蓉目鱼须_1|南瓜流沙包_1|鲜肉汁包_1|龙井河虾仁配玫瑰细沙南瓜饼_6|冷菜三拼_3|虾汤炖老豆腐_5|咸肉菜饭_4|糯米蒸仔排_2|家烧浓汤老豆腐_1|葫芦烧六月黄_1|蒜蓉蒸波士顿龙虾_6|鲈鱼_5|熟醉六月黄_2|鱼香茄子_1|东坡牛肉_4|,2064157.0,陆家嘴,171/人,口味:3.8 环境:4.2 服务:3.6 ,4.1,50476889,8437.0,0.0,,正大广场店,距地铁2/14号线陆家嘴站10口步行560m,陆家嘴西路168号6F42-43,121.493859,31.238185,,,
FRoAtwXcwBKqVTxg,浦江晓月,美食,本帮江浙菜,淮扬菜,浦东新区,陆家嘴,0,1,0,0,0,0,,0,1,0,0,陆家嘴  淮扬菜,"“滨江大道和外滩,晚上夜景格外醒目”",陆家嘴本帮江浙菜环境榜第7名,,2.2万人,商场餐厅_有10人以上大桌_有充电宝_可预订,铁板文蛤_167|烤鸭_321|芝士波士顿龙虾_10|酱油湖虾_96|葱油蒸鮰鱼_61|餐厅窗口风景_2|葱油湖虾_2|餐后水果_1|番薯叶_3|澳龙焗意面_4|黑椒甲鱼炒饭_1|冷菜拼盘_2|灌汤小黄鱼_9|白马御竹笋_4|淮安软兜长鱼_8|虾籽阳春面_5|神仙蛋鱼头烩鲍鱼_2|独蒜鲜贝_1|虾籽河虾仁_27|油爆河虾_5|竹荪老母鸡汤_3|鸭血猪大肠煲_3|草头圈子_3|清炒季节时蔬_22|招牌铁板文蛤肉_16|老卤猪头肉_30|景观位_29|蒜茸粉丝蒸生蚝_2|黄豆猪脚圈_2|扬州大煮干丝_18|白切淮扬牛肉_1|捞汁花螺_1|深海大黄鱼_1|脆皮小牛肉_153|蒜茸蒸帝王蟹_40|海鲈鱼_1|特色阳春面_18|滋味酸汤鱼片_1|冰皮绿豆糕_6|清炖淮扬狮子头_7|盐水河虾_3|豆豉蒸蛏王_11|椒盐鸭架_25|砂锅鸭血肥肠_5|吕四熏鲳鱼_8|雪菜蒸黄鱼_2|油爆虾球_3|杨枝甘露_1|鲜榨西瓜汁_1|越式牛肉粒_16|清蒸笋壳鱼_13|油浸笋壳鱼_4|扬州炒饭_9|响油鳝丝_17|鼓油皇蒸鲍鱼仔_6|淮氏牛仔粒_5|扬州什锦炒饭_1|石锅小土豆牛腩_14|田园时令蔬菜_2|酸萝卜豆面烩波龙_4|农家脆皮咸鸡_2|侯氏红烧肉_112|荠菜年糕_2|浦江红烧肉_6|仔姜牛蛙腿_1|上素煎包_2|晓月雪融豆腐_4|香辣葱烧小蹄筋_4|蒜蓉粉丝蒸波龙_1|拿多利黑天鹅酥_1|浦江爆腌鲳鱼_84|私房小花螺_19|浦江鲜烤酥皮鸭_199|油浸吕四鲜带鱼_226|鸡油花雕蒸活鲥鱼_34|老𠧧猪头肉_1|姜葱炒湖虾_21|渔家红烧暗纹豚_51|秘制生态甲鱼_13|盐水湖虾_3|坛腌萝卜皮_8|老虎斑_7|象拔蚌刺身_4|田园色拉_3|散养老母鸡汤_3|滑炒太湖手剥湖虾仁_17|拌鲜橙汁_3|盐水乳鸽_2|竹笋老母鸡汤_3|虾籽炒湖虾仁_1|蛋蒸帝王蟹_1|炒米苋_1|招牌鱼头烩鲍鱼_24|招牌鱼头佛跳墙_16|虾仔炒虾仁_2|山素生煎_1|莲子银耳羹_2|,132200621.0,陆家嘴,357/人,口味:4.8 环境:4.9 服务:4.8 ,4.8,50810316|50810318,1446.0,0.0,,正大广场店,距地铁2/14号线陆家嘴站10口步行590m,陆家嘴西路168号正大广场5F22-23,121.493984,31.238482,周一至周日 10:30-14:00 17:00-21:00,2019年6月,
k40cvw68KTUz0kwG,王老家,美食,本帮江浙菜,上海本帮菜,浦东新区,源深体育中心,0,0,0,0,0,0,,0,0,0,0,源深体育中心  上海本帮菜,"“很新鲜,酱料里面放点芥末,超级美味”",,,,双人包厢_美团充电宝_可DIY_10人－20人包厢_可电话预订,干锅千叶豆腐_2|蛤蜊炖水蛋_1|荠菜滑子菇虾仁羹_1|辣子鸡_1|毛蟹年糕_5|南瓜饼（4只起售）_1|酒中酒霸八年_1|海鲜面疙瘩_1|海鲜百叶包_1|扇贝王_1|山城毛血旺_1|红烧肉笋干_1|鲈鱼_3|重庆酸菜鱼_2|三杯塘肉皮汤_2|水煮牛肉_2|米苋_1|干锅茶树菇_1|椒盐排条_7|草头_1|农家炒鸡杂_2|香拌顺风耳_1|徽州炒粉丝_1|馋嘴牛蛙_22|手工馄饨_2|干锅有机花菜_12|香酥咸蹄膀_1|手工豆腐_2|白斩鸡_2|巧手炒脆骨_1|八宝鸭_1|清蒸膏蟹_1|焖锅肉饭_1|闷烧茄子_3|椒盐九肚鱼_1|毛蛤_8|清蒸昌鱼_1|葱姜炒石蟹_2|椒盐龙头烤_5|锅仔鸡_1|农家蛋饼_1|炒豆皮_1|肉汁豆腐干锅_3|热锅鸡_19|目鱼蛋炖肉_3|黑椒牛肋_5|铁板牛肉_1|荷香牛肋排_1|菠菜_1|凉拌猪耳_1|炒鸡蛋_2|香菜炒黑木耳_1|手撕包菜_16|三文鱼_3|素鸡_4|椒盐蚕豆_1|油爆河虾_2|椒盐蹄膀_1|石耳炒蛋_1|三林肉皮汤_1|响油鳝丝_5|色拉牛排_2|特色热烤虾_1|蒜蓉粉丝生蚝_1|牵肠挂肚_1|象拔蚌刺生_1|蒜蓉粉丝扇贝_1|象拔蚌粥_1|炒蛏子_5|清蒸梭子蟹_1|土豆蒸牛肉_1|椒盐濑尿虾_7|清蒸石斑鱼_1|,4546937.0,源深体育中心,80/人,口味:3.6 环境:3.4 服务:3.4 ,3.6,38721521,158.0,0.0,,商城路店,距地铁2/4/6/9号线世纪大道站2号口步行810m,商城路1159号,121.523461,31.237162,周一至周日 09:00-23:00,2010年12月,
k1EETwhMwGtNeAuf,小绍兴,美食,本帮江浙菜,苏浙菜,浦东新区,世纪大道,0,0,0,0,0,0,,1,0,0,0,世纪大道  苏浙菜,"“老上海风情街里的小吃,盐水鸭好吃”",,,,老字号_可停车,可乐_0|小绍兴鸡粥_33|麒麟一番搾_0|荔枝汽水_0|鸡汁千张结_0|香菇滑鸡盖浇饭_0|荷包蛋_7|金陵汤包_57|叉烧松蓉包_1|御品八宝饭_1|桂花糕_0|水晶虾饺_1|糍饭糕_8|鸡骨酱面_39|望山楂_0|望杏福_0|汽水酸梅汁_0|葱油拌面_108|香菇面筋面_9|鸭头_6|三丝春卷_53|小绍兴六年黄酒_0|鸭胗_3|鸡汁小馄饨_2|鸭脖_3|腊鸭炒饭_18|白斩鸡_462|鸡汤小青菜_0|什锦砂锅_0|咖喱鸡块盖浇饭_1|小绍兴鸡油饭_1|虾仁烧卖_3|小绍兴鸡骨酱面十荷包蛋_0|八宝辣酱盖浇饭_0|八宝辣酱面_0|八宝辣酱_0|清鸡汤_0|糟毛豆_0|龙虾片_0|酱罗卜_0|红烧肉_3|盐水鸭_86|鸡油菜饭_74|鸡汁小青菜_0|老鸭粉丝汤_113|炸猪排_59|鸡爪_19|小绍兴全色血汤_160|鸡油开阳葱油拌面_9|原汁鸡粥_20|,114499006.0,世纪大道,47/人,口味:3.9 环境:3.9 服务:3.8 ,3.9,13918951376,1042.0,0.0,,世纪汇店,距地铁2/4/6/9号线世纪大道站8号口步行300m,世纪大道1192号世纪汇广场LG2,121.522452,31.229958,周一至周日 10:30-20:00,2018年9月,
H17VPoHdsmYMsydL,一棠龙虾,美食,本帮江浙菜,,浦东新区,世纪大道,0,1,0,0,0,0,,1,0,0,0,世纪大道  本帮江浙菜,"“扫码点单,各种口味的龙虾一应俱全”",浦东新区小龙虾热门榜第8名,,1.4万人,有宝宝椅_付费停车_卫生间_有停车场,一棠蟹面_635|全味虾球_541|葱烤龙虾_73|油焖大闸蟹_566|清蒸大虾_634|干煸土豆条_126|金牌花蛤_388|凉面_548|凉拌毛豆_371|烤蟹柳蒜苔_248|十三香龙虾_167|烤榴莲_125|辣椒泡虾_65|超级麻小_117|榴莲焗虾球_101|冰镇龙虾_302|麻辣虾球_146|重庆满城蛙_147|老城区炭火牛蛙锅_54|油焖大虾_825|赤焰芝士龙虾_118|蒜蓉大蟹_19|馓子皮蛋_47|黄焖大虾_32|烤猪手_128|铁板蛏子_127|蛤蜊_35|皮蛋豆腐_63|咸蛋黄焗虾球_442|烤牛蛙_499|芥末章鱼豆腐_18|一棠虾球_95|酸梅汤_66|蒜蓉大虾_122|拍黄瓜_90|芝士烤扇贝_26|蒜蓉烤扇贝_20|蒜蓉烤生蚝_80|全味大闸蟹_103|蒜香虾球_90|十三香小龙虾_53|咸蛋黄大闸蟹_16|咸蛋黄焗蟹_105|蒜蓉大闸蟹_30|虾虾侬蟹蟹你_21|十三香_45|蛋炒饭_24|冰粉_53|蒜蓉龙虾_51|冷面_91|,1924422883.0,世纪大道,179/人,口味:4.7 环境:4.6 服务:4.6 ,4.6,58341189,2247.0,0.0,,九六广场店,距地铁2/4/6/9号线世纪大道站11号口步行340m,东方路796号96广场第一层L123+L125单元,121.520888,31.230184,周一至周日 11:00-23:00,2019年8月,
H3eA5IhH6wbERCtx,弄堂咪道,美食,本帮江浙菜,上海本帮菜,浦东新区,世纪大道,0,1,0,0,0,0,,1,0,0,0,世纪大道  上海本帮菜,"“油条不愧是招牌,火候炸得恰到好处”",,,,商场餐厅_有充电宝_卫生间_有停车场_可停车,小炒黄牛肉嗦粉_1|小菜包_2|小肉包_1|红烧大排饭_1|脆皮鸡排饭_3|红烧猪手饭_1|现炒素浇面_3|担担面_4|红豆沙青团_2|培根蛋饼_3|炸鸡腿排_1|招牌卤肉饭双人超值餐_1|青椒茄丝盖浇饭_2|鸡汤荠菜小馄饨_12|回锅肉盖浇饭_4|荠菜小馄饨_2|素饺_1|油条_171|大饼_73|红烧牛肉饭_3|深海鳕鱼排_1|炸馄饨_1|爆炒猪肝饭_5|小炒黄牛肉饭双人超值餐_1|招牌猪排套餐饭_1|羊肉面_3|香菜肥牛盖码饭_1|弄堂鳝丝浇头_4|炸春卷_9|红烧大肠面_4|素鸡冷面_2|弄堂鳝丝面_9|绿豆汤_11|雪菜肉丝面_4|红烧牛肉面_14|碱水粽_2|炸响铃_1|辣椒炒肉盖码饭_6|无糖豆浆_17|麻球_35|粢饭糕_23|红烧大排冷面_2|酱爆猪肝面_2|弄堂葱油拌面_48|海鲜腐皮卷_3|原种咸豆花_85|炸猪排_39|鸡汤虾仁馄饨_8|麻酱辣拌面_7|弄堂鳝丝饭_1|咸粢饭团_39|卤蛋_1|虾仁生馄饨_1|黑米饭团_1|蛋黄鲜肉月饼_2|现磨豆浆_69|红油弄堂小馄饨_94|,108098059.0,世纪大道,27/人,口味:3.9 环境:4.1 服务:3.9 ,3.8,17081494494,681.0,0.0,,东方路店,距地铁2/4/6/9号线世纪大道站11号口步行360m,东方路796号1层118单元,121.520478,31.230083,周一至周日 06:00-20:00,2018年5月,
G5ZdIj7L5KqcUtpt,二子龙虾·大锅牛肉汤,美食,本帮江浙菜,,浦东新区,八佰伴,0,0,0,0,0,0,,0,1,0,0,八佰伴  本帮江浙菜,"“味道好极了,值得大家去品尝,给个赞”",,,,可预订_有WIFI_有大桌_团队包场_有包厢,凉拌牛杂_0|凉拌牛筋_0|凉拌牛肚_0|蒜泥炒时蔬_0|红星二锅头_0|白切羊肉_0|黑椒羊肉炒饭_0|羊心_0|丁香鱼_0|羊血汤_0|羊肉炒大蒜_0|羊肚炒大蒜_0|招牌羊肉汤_0|羊杂炒大蒜_0|招牌羊杂汤_0|羊头肉_0|凉拌黄瓜_1|烤茄子_1|掌中宝_2|金汤蒜泥龙虾_2|香辣小龙虾_10|炭烤生蚝_8|十三香小龙虾_24|烤香菇_2|烤蒜苗_2|烤土豆片_3|梅干菜扣肉饼_0|缙云烧饼_0|凉拌海带丝_0|牛骨头汤面_0|凉拌木耳_0|原汤带肉牛骨头_0|芝麻饼_0|凉拌腐竹_0|葱油饼_0|羊肺_0|石库门_0|羊杂面_0|和酒_0|招牌鲁肉饭_0|白切羊肉面_0|羊眼_0|五粮醇_0|羊肝炒大蒜_0|雪碧听_0|美味螺丝_1|烤扇贝_6|咸蛋黄小龙虾_2|海带子_3|特色牛骨头_8|,120018968.0,八佰伴,94/人,口味:3.6 环境:3.4 服务:3.5 ,3.6,58777099,883.0,0.0,,崂山路店,距世纪大道130米,浦东新区崂山路555号2幢4室,121.518813,31.228761,周一至周日 全天,2018年9月,
EVwRWm8bGbkq3VCP,何記小菜本帮菜川湘菜,美食,本帮江浙菜,上海本帮菜,浦东新区,塘桥,0,1,0,0,0,0,,1,0,0,0,塘桥  上海本帮菜,"“「小炒肥肠」肥肠味道不错,香嫩可口”",,,,有WIFI_有包厢,干煸四季豆_2|红烧羊肉_3|小炒肥肠_2|红烧小黄鱼_3|油爆河虾_1|香酥咸蹄_1|小炒脆骨_0|青椒土豆丝_1|虎皮青椒_2|水煮鱼片_1|胡萝卜炒肉丝_1|手撕包菜_2|洋葱炒蛋_1|肉沫烩鸭血_1|牛腩土豆_1|芹菜猪肉水饺_0|红烧小鲳鱼_1|剁椒炒大白菜_1|蒜苗炒肉_0|酸菜炒毛豆米_0|酸辣蕨根粉_0|莴笋烧鸡_0|百威啤酒_0|三得利纯生_0|红烧鸡腿_0|生鸡蛋_0|梅干菜红烧肉_0|泡椒藕带_0|蒜苔炒腊肉_0|豆角炒茄子_0|清炒杭白菜_0|紫菜蛋汤_1|清炒生菜_0|干豆角炒肉_0|肉沫胡萝卜丝_0|小葱炒蛋_0|蒜泥龙虾_0|特价十三香小龙虾_0|卤鸡趐根_0|红烧草鱼块_0|干锅鸡杂_1|干锅牛蛙_1|酸菜小笋肉沫_1|咸肉小笋烩百叶_4|海带排骨汤_1|剁椒炒蛋_6|农家煎豆腐_6|香辣花蛤_2|特色香辣烤鱼_10|辣椒炒肉_0|,130407027.0,塘桥,95/人,口味:3.5 环境:3.6 服务:3.6 ,3.4,50588118|18602177548,45.0,0.0,,,距地铁6号线浦电路(6号线)站4号口步行1.2km,浦城路906号,121.51239,31.220164,,,
l2KUkzpWGR7MhxVK,新荣记,美食,本帮江浙菜,苏浙菜,浦东新区,世纪大道,0,0,0,0,0,0,,0,0,0,0,世纪大道  苏浙菜,“包房卡座环境能把江景一览无遗”,世纪大道本帮江浙菜口味榜第1名,,1.6万人,有景观位_有8人-10人大桌_免费wifi_卫生间,金蒜拌时令海味_2|葱烧海参_17|砂锅花椒牛小排_31|黄金脆带鱼_228|秘制熏鲳鱼_7|花胶黄鱼羹_170|樱桃叉烧_30|牛肝菌小炒风干羊肉_1|冻卤海参_1|鲳鱼年糕_46|凉瓜炖鲜鲍_3|六月黄丝瓜手撕豆腐_11|自制冰淇淋_3|椒王小炒肉_1|蜜汁临安小香薯_15|鸡枞菌宫保鸡丁_2|杏仁饼_42|冰糖炖四鲜_2|蟹粉大包_10|扇贝丸子泉水浸时蔬_1|豉汁焖凉瓜_2|醉六月黄_24|东魁杨梅_6|沸腾鱼_13|鹅肝包_12|小青蟹烧土豆_6|桂花板栗_8|现烤鲜肉月饼_1|农家盐卤豆腐煲_6|黑松露沙蒜烧豆苗_6|藤椒和牛_1|芥兰虾酱啫精选牛肉_3|生日面_17|长寿面_1|樱桃鹅肝_7|红糖麻糍_5|泡椒花菜梗_16|呛拌茭白_1|辣木籽苗_7|红烧东海三鲜_9|榴莲酥饼_2|油焖春笋_1|桂花炖鸡头米_28|板栗原味仔排_9|菌菇饺_1|酱排骨_3|清炒芥兰_3|松茸铜盘焗鸡_2|牛油果冰激凌_1|家烧笋衣_15|和牛挞_14|杜望烧豆腐_9|涌泉蜜橘_1|爱心笑脸流心荷包蛋_1|黄焖佛跳墙_33|腌笃鲜刀鱼馄饨_32|笼仔蒸海鲜拼盘_19|老鸭腌笃鲜_4|烤油菜蕻_7|刀板香烟熏豆干炒野芦蒿_6|麻婆豆西乳_1|燕窝绿豆糕_12|红烧鮰鱼肚佛跳墙_7|鱼子酱马粪海胆_14|麦饼_29|乡村咸饭_2|雪里蕻烧蓝点马鲛鱼_1|鸡蛋炒麻糍_3|杨枝甘露_10|辣炝西施舌_2|古镇香干_2|花草炒年糕_4|大连樱桃_1|豆沙绿豆糕_8|云南干巴菌炒饭_1|红烧鹰爪虾_2|新疆吊干杏_2|家烧青蟹_1|席间干巴菌和牛炒饭_16|腊味萝卜芋头饭_9|土豪流沙包_1|家烧萝卜片_6|龙虾球_2|笋尖鲜虾饺_1|臭豆腐_3|茭白雪花牛肉_1|萝卜丝芋头面_1|凤爪_3|芒种虾皮拌紫菜_2|点心_2|红酒鹅肝拼鱼子酱_1|羊排_1|烤乳鸽_171|秋桃_1|红酒鹅肝_2|龙虾汤泡饭_12|奶白菜_3|家烧鲳鱼_106|高邮咸鸭蛋_3|台州黄鳝饭_8|粽子_2|奄仔蟹烩银皮_4|盐焗奄仔蟹_8|蜜汁红薯_79|白松露珊瑚芙蓉虾球_2|西风蟹_1|梭子蟹_1|油冬菜_1|沙蒜烧豆面_219|芥兰啫精选和牛_34|荣记响螺汤_42|黄鱼_101|椒盐富贵虾_15|花胶_38|阿婆烧蒲瓜_5|红油腰片_1|原汁目鱼_2|老坛酸菜煮望潮_16|家烧鲜莲子_14|岩蒜烧年糕_1|家烧时蔬杭白菜_4|酱萝卜_1|佛手瓜雪花牛肉_2|香椿炒蛋_3|天妇罗蔬盘_1|水煮肥肠_14|松露野菌饺_3|砂锅鱼头_6|清炖籽蟹_1|盐焗蛏子_9|花椒汁和牛加松茸_3|红心糯薯_1|红烧乳鸽_5|桂味荔枝_1|临海扁食_4|小杏子_1|台州年糕_22|椰皇_1|小仙子烧牢糕_1|红烧辣螺肉_7|石斛洋参炖响螺_3|清炖萝卜羊肉汤_1|大闸蟹_4|前菜_4|荠菜黄鱼羹_2|蛏子烧蒲瓜_5|清炖梅童_1|乌米饭_1|牛肝菌香肠鸡油焖饭_2|红美人_4|餐前小食_5|生炒茭白_2|冰镇小龙虾_8|卤水老鹅头_7|脆皮妙龄鸽_38|咸菜蒸梅子鱼_3|白灼望潮_4|软壳青蟹烧豆腐_1|脆皮鸡_4|炒辣螺_2|三葱多味虾_1|餐前水果_8|六月黄蟹粉鲜肉大包_10|捞汁素烩_1|清蒸东星斑_3|鸡头米拌甜豆_1|,897987900.0,世纪大道,958/人,口味:4.8 环境:4.8 服务:4.8 ,4.7,53865757,695.0,0.0,,滨江店,距上海湾生活时尚中心步行1.1km,浦明路868弄保利One56三号楼禧玥酒店25层,121.508737,31.221443,周一至周日 11:30-14:00 17:30-21:00,2020年3月,
H3v8KT2NkMjQXm95,雍颐庭,美食,本帮江浙菜,上海本帮菜,浦东新区,陆家嘴,0,0,0,0,0,0,,0,0,0,0,陆家嘴  上海本帮菜,“奇怪位置在地下一层浪费了这么好的江景”,,,5.9万人,有室内景观_有儿童游乐区_有露天位_有吸烟区,开洋葱油拌面_44|燕窝炖香梨_5|东坡牛肉_6|上海辣酱油烤牛肋_40|干邑红烧肉溏心蛋_11|葡汁野菌鸡粒酥_4|龙井茶奶冻_15|荠菜生煎_4|鲍鱼鸡肉煲_23|青柠普柑_5|雪菜竹笋丝蒸黄鱼_4|小青龙_6|锅贴鳝背_5|云上东坡醉千层_29|蟹酿橙_19|黑松露烤春鸡_5|五香牛舌罗勒酱_5|葱油蒸东海白鲳_6|姜汁红枣银耳羹_10|蟹粉豆腐花配葱油蟹壳黄_11|大白兔奶糖冰激凌_144|鲍鱼松茸汤_4|茉莉花茶熏鲳鱼_231|牛肝菌葱爆和牛_33|龙井茶薰乳鸽_75|松露翠瓜素菌饺_6|黄鱼鲜笋田鸡腿_21|栗子鳕鱼煲_10|黑松露和牛松锅巴卷_10|花雕醉龙虾_101|韭黄鱼丝春卷_15|干邑红烧肉_133|鲥鱼_6|桂花香醋猪软骨_22|黑洋酥核桃包_13|黑松露牛肉生煎_122|花雕蒸蟹_9|手剥太湖虾仁_18|清炖蟹粉狮子头_47|白肉_9|椒盐排条_5|青豆火丁鸡头米_7|梅酱小排骨_5|金蒜辣炒明虾球_4|海胆石锅豆腐_16|蛋白杏仁茶鸡头米_12|蟹肉月饼_7|豆腐煲_6|芥末菜心拌螺片_5|枣泥酥饼_5|,8876721.0,陆家嘴,700/人,口味:4.6 环境:4.8 服务:4.8 ,4.7,20829978,2253.0,0.0,,,距地铁14号线浦东南路站2口步行1.3km,浦东南路111号,121.503547,31.245438,,,
G4ueSz0UaoM67Ltd,东方滨江大酒店·鱼香阁,美食,本帮江浙菜,上海本帮菜,浦东新区,陆家嘴,0,0,0,0,0,0,,0,0,0,0,陆家嘴  上海本帮菜,“吃完饭还能到楼上平台眺望黄浦江夜景”,,,,江景餐厅_自助餐晚餐_20人以上包厢_楼宇餐厅_双人包厢,招牌有机蔬菜_2|干锅牛蛙_18|蜜汁虾球_2|红豆沙圆子_10|夫妻肺片_2|糟毛豆_1|生汁鲜虾球_70|翡翠千岛鱼丸_7|上海本帮熏鱼_2|银丝珍珠鲍_1|良乡扣鸭丸子_2|粽香八宝蛏子_1|上汤时令蔬_1|砂锅全家福_7|金牌千岛湖鱼头汤_60|松茸黄耳汤_1|蛋挞_2|滨江小炒皇_1|滨江风味牛肋骨_2|酸汤肥牛_6|彩椒乳牛腿_1|水果拼盘_3|咸蛋黄虾_2|小龙虾酥饼_3|上海烤麸_2|杏菇牛肉粒_2|酒酿小圆子_23|洋葱炒鳝丝_1|椰汁葛根糕_4|粽香糯米蛏_7|素烧鸭_3|生烤牛肋骨_2|蜜烤银鳕鱼_13|热汁煎牛排_9|千岛湖鱼头皇（半只）_7|豆皮_1|话梅虾_2|酒香发财鱼_52|蒜香日月贝_1|上汤浸时蔬_1|刀板香蒸毛蟹_5|海鲜砂锅_1|彩椒牛肉粒_1|脆椒蟹蛙煲_1|花园毛血旺_24|百合安格斯牛肉粒_55|藤椒鸡_2|西式炸鱼柳_6|掌中宝_1|国宴牛仔骨_1|夹饼樟茶鸭_4|黑松露焗波士顿龙虾_1|咸香鸡_2|金银蛋浸时令蔬_3|申城生煎包_1|酸辣菜_2|广式豉油鸡_1|酥皮海鲜盅_58|中式煎牛排_6|黄金炸鸡翅_5|翡翠烧卖_1|黄油波士顿龙虾_23|雪菜黄鱼面_1|笋丝_1|鱼香茄子煲_5|葱油拌面_5|甜豆山药凤尾虾_1|酒香东海黄鱼_2|,3716749.0,陆家嘴,181/人,口味:4.5 环境:4.8 服务:4.7 ,4.6,50370000,570.0,0.0,,,距地铁2/14号线陆家嘴站1号口步行550m,滨江大道2727号东方滨江大酒店11楼,121.492427,31.24124500000001,周一至周日 11:30-14:00 17:30-21:30,2010年2月,
l5ygaHw0HXwCZHg0,金时代顺风大酒店,美食,本帮江浙菜,上海本帮菜,浦东新区,八佰伴,0,0,0,0,0,0,,1,0,0,0,八佰伴  上海本帮菜,"“老上海的烧法,浓油赤酱的,很喜欢”",,,1.6万人,欧式风格_地铁直达_20人以上包厢_有儿童游乐区,粉丝蒸扇贝_8|香糟凤爪_1|八宝辣酱_7|鲜肉粢毛团_1|桂花藕片_1|顺风蛋黄肉松月饼_1|鲍鱼海鲜羹_1|西火腿玉米炒甜豆_2|香糟鸭肫_2|酱鸽_1|风肉炒大白菜_1|顺风咸肉菜饭_2|红豆沙汤圆_4|川味牛肉_13|麻蓉猪仔包_4|酥皮菠萝包_1|顺风老鸭煲_16|剁椒斩鱼头_5|岩烧牛肋骨_168|XO酱拌黄瓜苗_1|波士顿龙虾_42|桑葚山药_1|本帮红烧肉_524|苔条豆辨_1|干炒牛河_20|锡纸鳜鱼_1|清蒸多宝鱼_9|脆皮凉瓜汤丸_1|蒸鲥鱼_15|水煮牛蛙_2|汉斯小木屋轻零苏打水_3|金牌乳猪_1|虾仔烧麦_3|上海熏鱼_10|山药烩时蔬_1|黄汤鱼翅_1|草头圈子_144|蜂巢蛋糕_1|金钱虾饼_3|黑米花生汁_4|松鼠桂鱼_92|金牌脆皮乳鸽_1088|龙虾泡饭_3|法式蜗牛芝士土豆泥_11|孜然牛排_6|顺风雪蛤酥_1|桂花枣皇炖桃胶_1|紫薯泥_1|顺风鲜虾肉月饼_1|豆豉蒸排骨_1|腊肠甜豆饭_3|水煮牛百叶_1|啫啫小鲍鱼_3|滑炒河虾仁_56|鲍鱼汁鹅掌_1|清炒菜苔苗_2|白斩鸡_94|甲鱼糯米饭_14|佛门炒素_5|毛血旺_18|酥皮蟹斗_3|雪菜小白鲳_1|百合枣泥酥_3|香糟六拼_1|宫保鸡丁_1|枣皇桃胶_2|xo酱萝卜糕_4|咸得无法入口的雪菜黄鱼脯_2|黄油葱花燕麦饼_1|咖喱炒蟹_2|江南腌笃鲜饭_3|顺风香辣大虾鲜肉月饼_1|椒盐九肚鱼_23|卤水拼盘_2|五香素鸡_1|花好月圆_1|培根炸豆腐衣包饼_1|烤鳗鱼_1|老鸭扁几汤_1|鲜肉糍毛团_2|非洲冰草_4|顺风千层冻_9|卤水拼盆_7|玉米烙_9|锦上添花中秋月饼礼盒_2|手撕酱板鸭_43|椰香血糯_6|蟹黄煨面_1|雪菜黄鱼馄饨汤_2|蒜蓉扇贝王_23|芥末花生_1|糖醋油条_2|海鲜酥皮汤_17|鹌鹑蛋烧肉_1|香糟鸡尖_4|酱萝卜招牌鲈鱼_4|金笋流沙包_1|花雕酒蒸贵妃鸡_1|碳烧猪颈肉_12|松茸山珍汤_2|芝士香草焗虾球_10|蒜蓉扇贝皇_2|雪花牛_1|黄焖鳕鱼_2|清炒大虾仁_33|长脚蟹_4|鲜虾脆网肠粉_11|腌笃鲜_79|香芋酥_1|爆酱榴莲包_64|百合绿豆沙_1|香糟小黄鱼_5|桂花糖藕_54|白灼生菜_3|开洋冬瓜_1|咸蛋黄肉松青团_1|金栗桂花羹_2|生煎包_144|三黄鸡_9|瑶柱富贵鸡_2|香煎小米糕_3|脆皮炸鲜奶_21|雪菜大黄鱼_2|海鲜泡饭_13|凉拌海蜇_4|皮蛋瘦肉粥_16|本帮油爆河虾_34|酥香小黄鱼_3|红烧划水_8|紫薯豆沙包_3|腊味合蒸饭_1|水煮鱼_15|荠菜黄鱼汤_4|糖醋小排_31|烤鱼_22|梅干菜烧肉饭_1|红烧排骨_3|葱姜焗老虎蟹_3|黄金寿桃_11|黑松露菌菇饺_7|黄金流沙包_124|招牌特色鳜鱼_85|黑椒煎牛柳_1|小鲍鱼煲_10|东北大拉皮_392|黑松露鲜肉月饼_2|碳烤银鳕鱼_1|德国烤蹄_19|咖喱牛腩_1|茶树菇牛肉_1|芒果布丁_2|菠萝虾色拉_3|盐焗鸡_14|榴莲泡芙_13|咸蛋黄青蟹_3|荠菜肉馄饨_4|顺风腊味蒸_1|咖啡皇炒蟹_2|牛蛙腿肉_1|椒盐牛仔骨_2|黄汤银鳕鱼_1|顺德炸鱼饼_1|炭烤牛肋_3|椰汁青豆泥_2|芝士烧海鲜土豆泥_6|顺风冬瓜汤_1|黑椒鱼头_1|豆豉蒸大连鲍_12|豆苗圈子_1|清蒸笋壳鱼_26|糟溜鱼片_13|水晶大虾仁_103|蒜蓉蒸扇贝_6|三丝米饭_3|王子苏打水_2|顺风黑松露鲜肉月饼_1|豆沙紫薯枣_2|鲜奶椰汁糕_2|椰香紫米_2|笋干卤冬菇_2|香糟中段黄鱼_1|清蒸黄鱼_1|顺风黄鱼煨面_611|茶树菇虾仁爆澳带_2|酒酿圆子_83|草头莲藕脆_2|鸭舌头_2|鲍鱼红焖山药_6|沙爹金钱肚_13|上海老冰糕_1|拌糖马蹄糕_3|凉沙南瓜球_1|奶椰血糯米_2|蛋黄千层糕_1|炒鳝胡_8|酱爆大虾饭_2|白灼广东菜心_4|黑松露野菌饺_13|顺风长寿面_1|冰镇酸梅汤_4|浓汤鱼头煲_4|佛门素鲍_24|葱姜炒青蟹_1|黄鱼大馄饨_5|烟熏肉夹饼_4|黑胡椒牛柳饭_1|鲍汁扣凤爪_28|黄油焗澳龙_7|生煎油葱大饼_2|椰汁红豆糕_8|虾仁饺_16|XO酱黄瓜苗_17|多味栗子_1|椰汁龟苓膏_6|绍兴臭豆腐_5|咖喱皇膏蟹_2|木须肉_1|红烧羊肉煲_2|肉汁煨萝卜_1|健康紫薯饼_1|虾酱有机花菜_7|活刷象拔蚌_1|顺丰一口香_1|寿桃流沙包_2|顺风豉油鸡_1|农家鱼头_1|黄鱼肚_1|陈醋拌海蜇_23|茼蒿鳗干_1|顺风炭烤排_10|顺风餐包仔_1|咖喱皇草虾_6|烤鸭_2|干煸辣子鸡_1|桂鱼片蒸蛋_1|三杯鸡_3|掌中宝_1|叉烧包_5|豆花桂鱼_10|蹄膀黄豆_3|白灼娃娃菜_1|港式午茶_7|丝瓜粉丝开片虾_7|芒果奶冻_1|红豆汤圆_1|梭子蟹_3|麻酱油麦菜_1|脆爽萝卜_7|老坛酸菜牛肉_3|糯米红枣_2|榴莲青团_3|咕咾肉_1|顺风豉油鸡饭_1|黄焖小米炖辽参_1|陈醋老卤凤爪_1|海鲜蔬什羹_1|西兰花扒双菇_2|本帮熏鱼_425|酱肘子_1|黒椒牛仔骨_6|片皮鸭_1|椰汁枣泥糕_1|大闸蟹_9|XO酱炒肠粉_5|蓝莓布丁_3|象拔蚌刺身_1|清蒸野生白水鱼_13|黄豆排骨汤_1|上海葱油鸡_15|生日炒面_59|上海酱鸭_24|鸡丝春卷_6|雪菜毛豆炒肉丝_2|健康蔬菜卷_2|香菇雪菜素青团_1|烙蜗牛_2|浓汤千岛湖鱼头_4|剁椒蔊菜杆臭豆腐_3|薄煎马蹄糕_1|椒盐猪手_4|顺风腊味合蒸_2|油炸臭豆腐_1|雪菜黄鱼馄饨_2|香煎小带鱼_138|蜜汁南瓜_1|抱腌大黄鱼煎毛豆_2|鼓汁凤爪_2|清炒小蜜豆_1|排骨烧百叶结_1|咸蛋黄膏蟹_1|酥皮海鲜盅_6|鲜肉开洋百叶包_2|芝士焗波龍_4|鸡汁荞麦_1|北极虾水果色拉_1|顺风海鲜冬瓜盅_129|八宝糯米蒸甲鱼_6|顺风长寿鸡_1|豆沙麻心小汤圆_36|玉米松子_1|野生菌盅_1|蛤蜊炖蛋_2|红烧香辣鱼块_12|碳烤肉_5|罗宋汤_2|生炒风肉黄瓜苗_1|法式鹅肝蛋挞_2|炭烧牛肋骨_13|馋嘴蛙_52|荷叶饼_1|飘香榴莲酥_197|深井烧鹅_3|滋补鸡汤_1|顺风苔条松仁月饼_2|油煎带鱼_19|粢饭糕_17|串串虾_1|火焖鲥鱼_6|咖喱皇炒蟹_20|香煎韭菜饼_6|南瓜小米粥_4|丝瓜蒜蓉开片草虾_18|红焖鲥鱼_46|八宝年糕_35|黄焖鱼唇_2|黑椒牛眼肉粒_71|蒜蓉蒸大连鲍_2|椰汁糯米_2|咖喱蟹_105|咸蛋黄焗芋艿_12|七喜汽水_2|栗蓉松子青团_1|酒糟黄鱼_1|椰香紫米粥_1|椰汁绿豆糕_3|金针菇素鸭_30|炸糖糕_2|糯米椰浆_2|榄菜刀豆_3|糯米笋丁烧麦_2|血糯米八宝饭_3|干锅包心菜_2|黄油焗波斯顿龙虾_1|面拖小黄鱼_8|焗土豆泥_7|葱烧河鲫鱼_1|香糟毛豆_3|蛤蜊蒸蛋_1|鸟语花香中秋月饼礼盒_1|牛肉烧土豆_1|三丝炒米粉_3|杨枝甘露_81|香糟四拼_2|东坡笋丁烧麦_4|八宝葫芦鸭_2|山药蓝莓_6|清炒丝瓜_3|老醋海蜇头_111|顺风千张包_1|一口香_1|葱油青蟹_2|油焖鳝糊_109|红烧回鱼翅_1|葱油秋葵_1|煎烹银鳕鱼_2|畔糖马蹄糕_2|五香咸水角_4|三丝春卷_9|元宝草虾_2|酱粉丝_1|满陇桂花糕_21|澳门烤肉_1|顺风白糖糕_15|鲍鱼盅_1|糟三样_1|刺身中拼_5|肉饼蒸蛋_2|农庄蜂巢糕_1|全家福砂锅_5|爆漿包_3|京都煎肉饺_1|蜜汁油爆虾_7|黑芝麻青团_1|白灼金针菇_1|豉汁蒸凤爪_291|炝腰花_160|锡纸鲈鱼_2|四喜砂锅_29|酥皮蛋挞仔_1|椰香糯米羹_1|蒜蓉焗扇贝_14|西杏仁奶酪布丁_1|瑶柱鲜百合粥_2|酒香草头炒春笋_17|清炒有机花菜_1|顺风陈皮豆沙月饼_1|红豆沙松仁青团_2|油炸鲜奶_5|酥皮奶油汤_6|上海炒面_9|香腊鸭舌_1|剑兰_1|白灼芥兰_2|西瓜汁_4|东北五常大米饭_3|姜香东坡鸡_9|豉汁蒸排骨_9|脆皮小棠菜_102|青椒皮蛋_1|椰汁血糯_10|糖醋里脊_3|川味烤兔腿_1|雪菜炒黄鱼脯_2|农家蒸鱼头_1|千丝萝卜酥_27|蟹粉小笼_3|外婆糖年糕_3|顺风小炒皇_1|椒盐鸭下巴_7|招牌鲑鱼_7|番茄炒蛋饭_1|冰镇鲍鱼_1|椰汁紫米糕_1|爆汁榴莲_2|上汤豆苗_1|酱腰花_3|黄鱼烩面_2|脆皮黄瓜_1|羊排_5|葱姜焗膏蟹_39|凉拌天目笋_3|顺风炒河粉_2|咸蛋黄南瓜条_6|法式蜗牛打边炉_177|酒香鲥鱼_4|腊肉炒黄瓜苗_2|沙姜猪耳朵_1|海鲜焗土豆_1|炖蛋_2|椰香紫米露_1|石烤虾_206|黄油顿鳕鱼_1|咖喱皇炒饭_3|黑叉烧_1|芥菜炒年糕_2|粉丝蒜蓉小鲍_1|豆豉鲥鱼_1|红油膏蟹_30|百果麦香包_2|起司焗扇贝_19|蟹脚扒芦笋_1|油豆腐塞肉_1|咖喱牛肉饺_2|花雕回味鸡_53|生鱼片_1|炸春卷_18|西芹百合炒白果_10|酱爆大虾_8|法式香草焗老虎蟹_8|生拌茼蒿_9|黑椒牛肚_6|上海四喜烤麸_5|芥末虾球_1|红烧鱼头_1|烧味拼盘_4|腊味萝卜糕_2|清蒸虾_1|加多宝凉茶_2|肉莫蒸臭豆腐_11|煎烹牛肉粒_18|血糯米椰羹_1|波士顿龙虾黄油伊面底_8|德国咸猪手_8|冰皮榴莲_103|酸辣汤_12|水果大虾_4|椒盐龙头烤_1|顺风炒饭_64|黑松露雪菜素青团_1|蟹粉豆腐_62|金网脆虾肠粉_3|上海烤麸_1|霉菜梗蒸臭豆腐_1|古法蒸石斑鱼_3|黑松露水晶包_1|三丝米粉_2|毛蟹炒年糕_32|顺风榨菜鲜肉月饼_1|宁波烤菜心_13|霉菜干臭豆腐_1|黄鱼鲞蒸肉饼_2|鱼翅冬瓜盅_4|特色点心_4|芝士咖喱虾_6|水晶河虾仁_12|开片粉丝草虾_3|凉拌天目笋尖_5|糯米枣子_1|煎烹牛肉眼_32|黄鱼荠菜羹_23|蟹粉鱼面_6|墨鱼仔_3|鱼米蟹粉_64|上海炸猪排_9|本帮醉鸡_9|番茄炒蛋_2|蜂蜜老南瓜_3|豆沙芝麻小圆子_34|黄豆炖猪手_1|桂花水晶糕_4|顺风蟹粉鲜肉月饼_1|红烧狮子头_1|鸡汁百叶包_1|韭菜鲜虾饺_1|素佛跳墙_3|清蒸石斑鱼_52|德国烤蹄膀_2|生滚鱼生粥_1|上海糍饭糕_49|酸辣黑木耳_1|海鲜拼盘_2|干烧龙利鱼_2|马兰头香干卷_42|葱油膏蟹_1|凉拌木耳_1|苔菜花生米_1|七汁烧味鱿鱼_2|虾酱花椰菜_1|咸蛋黄冬瓜_2|虫草花黑木耳_4|穿心红枣_1|普洱茶_1|蟹仔烧卖皇_5|烤羊小腿_27|雪菜炒鱿鱼_1|家常面筋_5|香糟猪手_3|盐水灼南冰洋对虾_1|桂鱼炖蛋_1|清蒸小白鲳拼小黄鱼_1|松子鱼_46|顺风烤鸡_15|鲍汁腐皮卷_3|葱茸扇贝皇_7|生拌蓬蒿_4|青花椒卤鸡_1|顺风盐水鸭_1|奶沙玉米_1|海鲜小笼包_1|蛋黄肉松青团_1|龙虾刺身_2|顺风猪耳_2|澳带鲜虾饺_588|蜜汁藓叉烧酥_317|青蟹黄鱼鲞蒸肉饼_3|白灼秋葵_18|XO酱炒节瓜_2|顺风臭豆腐_543|干锅花菜_4|大虾色拉_7|刺身拼盘_8|顺风脆皮鸡饭_1|脆皮鸡_14|爆浆椰子_1|锅贴小棠菜_1|蟹黄南瓜_1|红烧狮子头饭_1|冬瓜海鲜汤_2|红豆沙黑洋酥小圆子_3|榴莲夹心点心_3|泰式冰雪媚娘_83|鲜肉小笼包_1|鸡汤笋干_1|,5317141.0,八佰伴,146/人,口味:4.4 环境:4.2 服务:4.0 ,4.4,13917461496|15026623245,6434.0,0.0,,八佰伴店,距地铁9号线商城路站3号口步行240m,张杨路501号第一八佰伴9层,121.512331,31.230631,周一至周日 10:00-15:30 16:30-21:30,2011年8月,
jCTI0KGiDUgDXaaI,上海老站·荟馆,美食,本帮江浙菜,上海本帮菜,浦东新区,陆家嘴,0,0,0,0,0,0,,1,0,0,0,陆家嘴  上海本帮菜,"“吃完可以去江边走走,欣赏外滩夜景”",,,,付费停车_20人以上包厢_团队包场_美团充电宝_10人以下包厢,腌笃鲜_3|莫干山笋咸肉煮河虾_2|牛肉粒_2|脆皮牛肋骨_6|黑松露春韭炒野生菌_8|黄焖麒麟（笋壳鱼）_1|酒酿圆子_6|核桃酥_1|蟹粉吐司_10|元宝虾_1|虾皮蛤肉烩丝瓜_49|鲍鱼猪手_22|双皮奶桃胶_4|家乡海蜇头_2|响油鳝丝_12|红葱头鸡_15|烧卖皇_1|生炒椒盐jia鱼_2|潮汕鱼饼拼淆肉_1|厚切沸腾桂鱼片_35|潮汕双拼_16|老站色拉_21|本帮熏鱼_68|九肚鱼酪_50|反沙芋头_57|蔬菜大包_1|黄鱼春卷_14|千张包肉_9|文火上品牛肉_15|老站咸鸡_2|鲜拆蟹粉烩豆腐_1|桂花糖藕_5|秘制老站熏鱼_3|宏图香辣膏蟹_1|潮式九肚鱼烙_2|家乡咸肉菜饭_3|油煎八宝饭_1|手抓羊肉_2|水煮牛肉_2|老站炒面_2|荠菜肉丝炒年糕_2|生煸三叶草头_24|馄饨老鸭汤_4|开洋葱油拌面_14|和味烹汁牛肉粒_1|满汉全席_1|玫瑰酒酿慕斯_2|珍菌泡椒鸡_7|烧汁素鲍_1|零度可乐_1|老站酱鸭_5|干煎带鱼_1|潮汕海鲜盘菜_2|家烧鲳鱼_1|罗勒叶坚果牛肉粒_2|全家福_1|家烧河鳗_1|潮汕咸水梅子煮桂鱼_2|熟醉小龙虾_6|八宝辣酱_4|肥肠鸭血豆面煲_1|潮式香芋煮鱼头_1|红豆沙小圆子_1|水果拼盘_1|蟹粉豆腐_4|红烧肉_36|桂花白糖糕_8|藜麦肉松西班牙火腿色拉_3|大红袍红烧肉_9|波龙豆腐_2|草头圈子_6|分子醋配鸡头米虾仁_7|蟹粉小笼包_7|百合芦笋_3|捞汁秋葵_1|元贝萝卜丝汤_1|泰式去骨凤爪_1|脆皮炸鲜奶_4|油爆河虾_1|熟醉大头虾_2|踏雪脆皮年糕_6|,127646457.0,陆家嘴,357/人,口味:4.3 环境:4.5 服务:4.3 ,4.2,68827717|13916028787,342.0,0.0,,陆家嘴店,距地铁2/14号线陆家嘴站3号口步行850m,陆家嘴环路1188号L-2,121.501107,31.244389,周一至周日 11:00-14:30 17:00-21:30,2019年1月,
H6R2Xqt8SkYvGUMN,上海金陵紫金山大酒店汇海餐厅,美食,本帮江浙菜,淮扬菜,浦东新区,八佰伴,0,0,0,0,0,0,,1,0,0,0,八佰伴  淮扬菜,"“昨晚吃的小龙虾自助,美味回味无穷”",,,,自助餐晚餐_楼宇餐厅_有室内景观_双人包厢_有吸烟区,干锅仔鸡_1|甜虾_1|蛋炒饭_1|大煮干丝_1|蟹粉烩白玉_2|丁香酱汁排_9|XO酱炒虾球_2|罗汉佛跳墙_4|孜香炭火烤羊排_5|锦绣水果盘_1|焦糖香蕉芝士蛋糕_29|紫金片明炉皮鸭_3|鱼汤小刀面配黄桥酥烧饼_5|石锅淮安炒软兜_2|杨枝甘露配黄桥酥烧饼_3|四味双拼盘_2|香烤圣诞火鸡配芝麻菜色拉_7|小龙虾自助餐_8|火箭菜匹萨_2|烩海参_1|西冷牛排_2|蟹粉豆腐_5|椰汁西米露_2|巧克力蛋糕_43|法式蜗牛_1|蘑菇汤_1|铁板烤银鳕鱼_5|虾饼_1|薯饼_1|三文鱼_94|神户牛排_2|番茄芝士色拉_3|红烧牛腩_1|丝瓜爆腌大黄鱼_2|石斑鱼_3|酒醉小龙虾_2|紫金盐水鸭_1|精品牛排_1|萝卜糕_1|芝士焗龙利鱼_1|牛肉拉面_1|烧烤_3|点心_2|巧克力酱棉花糖_2|生鱼片_16|蟹脚_2|巧克力喷泉_1|鸡汤馄饨_1|鸡肉_1|鲷鱼_1|提拉米苏_18|虾肉烧卖_1|鸡汁小馄饨_26|鲜虾烧卖_2|咖喱帝王蟹_1|奶油手卷_1|生滚粥_1|香扒春鸡_1|章鱼刺身_1|法式烤羊架_21|泰式香辣帝王蟹_15|牛眼扒_1|烤肉_2|菠萝虾球_1|生蚝_2|藕带节爆鲜虾球_4|太湖碧绿河虾仁_6|扬州狮子头_45|清汤松茸炖鸽蛋_7|,500274.0,八佰伴,182/人,口味:3.7 环境:4.1 服务:3.9 ,4.1,68868888-8728,409.0,0.0,,,距地铁2/4/6/9号线世纪大道站11号口步行440m,东方路778号紫金山大酒店2楼,121.51928,31.229806,,,
EjXKAuDGRp1Zm0Zr,海神诺富特大酒店-.海神宫中餐厅,美食,本帮江浙菜,苏浙菜,浦东新区,陆家嘴,0,0,0,0,0,0,,1,0,0,0,陆家嘴  苏浙菜,"“里面的肉丸、豆腐都好吃,鱼鲜嫩可口”",,,,寄存区_20人以上包厢_有儿童游乐区_双人包厢_有无烟区,椒盐炸排条_1|糖醋排条_2|时令水果_1|川式毛血旺_27|清蒸鲈鱼_13|老火煲例汤_1|茶树菇炒爽肉_13|招牌炸乳鸽_2|特色酸菜鱼_1|干锅千页豆腐_1|川湘小炒肉_4|烤肋排_1|葱油三林肉皮_1|每日例汤_3|上海小炒肉_1|法式焗龙虾仔_1|面疙瘩烧梭子蟹_1|金牌手撕鸡_2|迷你佛跳墙_1|秘制元宝虾_2|凉拌海竹_8|香草酥炸软壳蟹_8|香辣烤鱼_1|上海生煎包_25|上海两面黄_1|川味海鲜毛血旺_8|三鲜肉皮汤_1|芝士大明虾_5|马利宝椰味酒_1|夏威夷木瓜酥_1|皮蛋豆腐_1|一品富贵虾_1|外婆红烧肉_17|堂灼东星斑_1|台湾草虾_1|玉簪虾仁_32|皇冠伏特加_1|鲍参翅肚羹_1|酸辣汤_1|当酒_1|捞粉丝肉蟹煲_1|深井烧鹅_1|北京片皮鸭_20|膏蟹_1|樱桃之花_1|水晶肴肉_2|港式叉烧酥_1|水晶虾仁_2|茶树菇老腊肉_1|清蒸桂鱼_1|干锅花菜_1|韭香脆皮鱼_4|清蒸酒酿鲥鱼_1|越式牛肉粒_25|黑椒牛扒_36|牛肉粒杏鲍菇_5|蒜蓉粉丝小青龙_1|烤乳鸽_1|香香榴莲酥_6|松茸菌炖竹笙_1|蒜蓉粉丝蒸娃娃菜_2|鲍汁凤爪_5|清蒸笋壳鱼_5|酸汤肥牛_4|三味江鮰鱼_1|蟹粉生煎包_4|松茸竹笙汤_8|蒜香藕片_1|沙律国味炸虾球_1|餐前两味碟_1|XO酱萝卜糕_1|芝士龙虾_1|椰汁_1|椒盐精品大闸蟹_4|点心_36|鲜茄鲍鱼盅_18|海蜇皮_8|苦瓜排骨盅_1|玫瑰鸡_1|鱼翅捞饭_2|化皮烧肉_1|虫草花炖鲍鱼瘦肉汤_1|五彩蔬菜卷_1|奥带西芹_1|虫草花炖鲜鲍_3|桂花豉油鸡_1|开胃萝卜_2|荷塘拌芹香_1|松子鳜鱼_2|,3549418.0,陆家嘴,171/人,口味:3.9 环境:4.1 服务:4.1 ,4.0,50366666,383.0,0.0,,,距地铁4/14号线浦东大道站8口步行500m,浦东大道728号海神诺富特大酒店4楼,121.520357,31.241509000000004,周一至周日 11:30-14:00 17:30-21:00,2009年11月,
H2QKuZZQSUTpny7G,淮满春·扬州炒饭,美食,本帮江浙菜,淮扬菜,浦东新区,陆家嘴,0,0,0,0,0,0,,0,0,0,0,陆家嘴  淮扬菜,“只为寻得一口正宗的扬州炒饭”,,,,付费停车_可刷卡_手机支付_免费wifi_有WIFI,蛋炒饭中份_5|蛋炒饭套餐_5|扬州炒饭_7|,127177387.0,陆家嘴,35/人,口味:3.6 环境:3.5 服务:3.6 ,3.5,,37.0,0.0,,正大广场店,距地铁2/14号线陆家嘴站1号口步行310m,陆家嘴西路168号正大广场B2食代馆11号铺,121.495679,31.239439,周一至周日 10:00-22:00,2018年12月,
H30qy1clZstPM3ej,上海东方滨江大酒店浦江轩,美食,本帮江浙菜,上海本帮菜,浦东新区,陆家嘴,0,0,0,0,0,0,,0,0,0,0,陆家嘴  上海本帮菜,"“环境一流,拥有无敌江景,菜品够水准”",,,,高空城景_自助餐晚餐_20人以上包厢_江景餐厅_楼宇餐厅,五谷杂粮参_1|鲜肉月饼_2|老醋海蜇头_4|京城素煎饺_0|素鲍鱼_1|银丝珍珠鲍_1|红豆沙圆子_6|黑蒜炖松茸_6|双味虾仁_7|剁椒鱼头_0|松茸竹荪汤_9|葱姜焗青蟹_8|广式豉油鸡_4|燕窝_0|双味凤尾虾_19|申城本鸡汤_1|桃胶_15|牛肉_37|毛豆_1|海参_24|清炒河虾仁_1|醉鸡_0|杏仁莲心羹_0|清蒸东星斑_1|鳝糊_0|刀板蒸青膏蟹_1|小青龙_0|清蒸笋壳鱼_9|银鳕鱼_1|鲜花椒烩竹蛏_1|沙拉_1|鲜奶红豆_0|滨江风味牛肋骨_5|蚝油灵菇时令蔬_1|盐焗迷你小土豆_0|芝士黄油焗波龙_1|脆香藜麦小米参_1|金腿竹笙本鸡汤_1|豆豉金线九孔鲍_0|金沙米椒焗膏蟹_1|素烧鸭_0|盐水虾_5|手工虾饺皇_7|老上海熏鱼_1|双味扒时蔬_1|千岛湖鱼头煲_0|,77296355.0,陆家嘴,477/人,口味:4.2 环境:4.4 服务:4.2 ,4.3,50370000,145.0,0.0,,,距地铁2/14号线陆家嘴站1号口步行550m,滨江大道2727号东方滨江大酒店4楼,121.492401,31.241339,,,
G92O8tuNpZBqzNqF,藏书羊肉,美食,本帮江浙菜,苏浙菜,浦东新区,陆家嘴,0,0,0,0,0,0,,0,0,0,0,陆家嘴  苏浙菜,"“每天回家路过,都可以闻到很香的羊肉味”",,,,,白切羊肚_0|青岛啤酒_0|大蒜炒羊肉_0|劲酒_0|羊蝎子锅_0|毛豆_0|郎酒_0|凤爪_0|大蒜炒羊肚_0|牛腩面_0|百威啤酒_0|红烧羊肉锅_0|白切羊肉_0|花生_0|羊鞭_0|大肠面_0|大排面_0|大蒜炒羊杂_0|羊肚面_0|三得利纯生_0|羊肉面_4|牛肉汤_1|,1695813189.0,陆家嘴,,口味:3.6 环境:3.6 服务:3.6 ,3.6,13122183363,5.0,0.0,,崂山路店,距地铁14号线浦东南路站2口步行320m,陆家嘴街道崂山路34号,121.511454,31.240621,周一至周日 08:00-24:00,2020年4月,
G1raVgtiFgoJAM8C,赫赫有名小龙虾,美食,本帮江浙菜,,浦东新区,世纪大道,0,0,0,0,0,0,,1,0,0,0,世纪大道  本帮江浙菜,“一年一度最期盼的龙虾季”,,,,,香辣鸭脖_0|吮指鸭爪_0|香辣十三香大闸蟹_0|蒜泥霸王小龙虾_4|白灼小龙虾_0|麻辣大闸蟹_0|蟹棒_0|牛蝎子餐品展示_0|麻辣羊蝎子锅_0|红油包浆豆腐_0|冬瓜片_0|鱼豆腐_0|猪脆骨_0|冒椒千层肚_0|海鱼丸_0|香辣干碟_0|鸡翅尖_0|羊蝎子餐品展示_0|香辣牛蛙_2|口水蒜泥青虾_1|渝家牛腩煲_1|隔壁头老王抢煎丨荷包蛋_0|超大满足丨秘制琵琶鸡腿_0|古董丨火烧饼_0|阿婆现包丨牛肉汤大馄饨_0|安昌古法丨牛肉粉丝汤_0|椒盐皮皮虾_18|浓郁香辣蟹_2|牛板筋_0|香辣大闸蟹煲_0|香辣羊蝎子锅_0|小郡肝_0|网红羊肚包_0|豆棒_0|咸蛋黄小龙虾_26|香辣螺蛳_5|经典十三香_15|麻辣龙虾_10|蒜泥龙虾_36|毛豆_6|水煮花生_2|爆炒花蛤_3|莴笋_7|蛋黄龙虾_30|土豆_1|冰镇龙虾_16|藕片_2|蒜泥黄瓜_4|经典十三香小龙虾_45|娃娃菜_1|,628336359.0,世纪大道,132/人,口味:3.9 环境:3.9 服务:3.9 ,3.9,15216818628,119.0,0.0,,陆家嘴店,距地铁9号线商城路站3号口步行480m,米岛美食城一楼,121.512879,31.228532,周一至周日 10:00-24:00 00:00-02:00,2020年3月,
k6BGc5xSWHzbjkQf,藏书羊肉馆,美食,本帮江浙菜,苏浙菜,浦东新区,八佰伴,0,0,0,0,0,0,,0,0,0,0,八佰伴  苏浙菜,,,,,,,68577400.0,八佰伴,,口味:3.5 环境:3.5 服务:3.5 ,3.5,,2.0,0.0,,南泉北路店,距地铁2/4/6/9号线世纪大道站11号口步行780m,崂山路559号临,121.518808,31.228706,,,
l83zkJu2oyR2tUBN,桂林酒家二子龙虾,美食,本帮江浙菜,,浦东新区,陆家嘴,0,0,0,0,0,0,,1,0,0,0,陆家嘴  本帮江浙菜,"“烤的外皮酥脆,嚼起来又很香糯”",,,,有充电宝,皮皮虾双人餐_1|红烧羊肉拌面_4|招牌十三香龙虾小虾_4|香螺丝_0|莴笋_0|三得利纯生_0|锡纸猪腰_0|五花肉_1|鸡皮_1|酸菜味黑鱼_1|锡纸金针菇_0|牛肉串_1|花生_0|大羊肉串_0|红烧羊肉锅仔_1|鸡翅尖_1|烤牛肚_0|鸡胗_0|锡纸猪心_0|鱿鱼须_0|香菇_0|炒羊肚_0|鸡心_0|青岛纯生_0|带子_0|羊肉粉丝汤_0|三得利超纯_0|烤羊腰_0|秋刀鱼_0|小黄鱼_0|馒头_0|葱爆羊肉_0|炒羊血_0|牛肉水饺_0|骨肉相连_0|白灼龙虾中虾_0|黄瓜_0|烤肉皮_0|锡纸脆骨_0|椰奶听_0|葱爆牛肉_0|炒羊杂_0|蒜苔炒肉_0|生蚝_0|烤脆骨_0|鲳鱼_0|牛板筋_0|烤面筋_0|二十年经典香辣小龙虾大虾_1|蒜蓉茄子_1|,126672299.0,陆家嘴,,口味:3.7 环境:3.6 服务:3.7 ,3.7,18911952310,17.0,0.0,,南泉北路东昌店,距地铁4/14号线浦东大道站3号口步行530m,崂山路255号,121.513978,31.23943400000001,周一至周日 16:00-03:00,2018年12月,
k2TCdibeArbqQfdc,侬好·老本帮菜馆,美食,本帮江浙菜,浙菜,浦东新区,世纪大道,0,0,0,0,0,0,,1,0,0,0,世纪大道  浙菜,"“炖蛋蛋味足,很浓,水果新鲜爽口”",,,,需提前预订_有包厢,上汤丝瓜_0|雪菜墨鱼_0|鱼香茄子_0|葱姜蛏子_0|番茄炒蛋_0|酱爆腰花_0|酒香草头_0|黑芝麻汤圆_0|葱姜花蛤_0|小葱炒蛋_0|酱萝卜_0|酸辣土豆丝_0|干锅肥肠_0|雪花纯生_0|凉拌木耳_0|桂花糖藕_0|紫菜蛋汤_0|干锅牛蛙_0|腐竹杭白菜_0|鸡汁杭三鲜_0|金沙蒜香排骨_0|扬州煮干丝_0|酸菜黑鱼片_0|蒜泥油麦菜_0|蒜泥炒米苋_0|宫保鸡丁_0|番茄蛋花汤_0|蛋黄山药_0|,921927345.0,世纪大道,,口味:3.4 环境:3.5 服务:3.4 ,3.5,18217006718,5.0,0.0,,陆家嘴店,距地铁2/4/6/9号线世纪大道站11号口步行1.5km,潍坊街道浦东南路1459号2层-4室,121.513782,31.225124,周一至周日 11:00-21:00,2021年6月,
k76ow0WYKOA7nTFO,小金陵,美食,本帮江浙菜,苏浙菜,浦东新区,世纪大道,0,0,0,0,0,0,,0,0,0,0,世纪大道  苏浙菜,"“这两家老字号质量有保证,性价比很高”",,,,可停车,炸猪排_8|鸡鸭血汤_14|鸭胗_2|糖醋里脊_0|黄瓜炒香肠丨小稳当_0|爆香鱿鱼圈_0|啤酒鸭_0|豆角茄子_0|鱼香肉丝I小余香_0|东北大米_0|土豆牛腩_0|川香豆角_0|栗子炒鸡_0|泡椒鸡杂_0|杭式卤鸭_0|炝炒卷心菜_0|怡宝矿泉水_0|酱爆茄子_0|农家小炒肉_0|菌菇炒鸡_0|花甲炒鸡_0|鸡毛菜_0|臘味炒飯_3|鸡粥_4|开洋葱油拌面_2|汤包_12|小金陵咸鸭_0|小份盐水鸭_21|千张_0|西湖牛肉羹_0|回锅肉_0|生炒小公鸡_0|酸菜炒鸡_0|椒麻炒鸡_0|蟹味菇_0|干锅牛蛙_0|白玉菇_0|木耳_0|香菇_0|柠檬炒鸡_0|干锅花菜_0|酱香炒鸡_0|香辣炒鸡_0|烤麸_1|鸭血粉丝汤_17|咸肉菜饭_6|白斩鸡中盘_22|春卷_0|,114498971.0,世纪大道,45/人,口味:3.7 环境:3.7 服务:3.7 ,3.7,,138.0,0.0,,世纪汇店,距地铁2/4/6/9号线世纪大道站7号口步行230m,世纪大道1192,121.52404,31.229289,周一至周日 10:00-22:00,2018年9月,
G4r9hdA3eeH8cnI4,隔壁宁噶·快餐·小龙虾,美食,本帮江浙菜,,浦东新区,世纪大道,0,0,0,1,0,0,,1,0,0,0,世纪大道  本帮江浙菜,“性价比超高的一家小龙虾🦞店”,,,,有8人-10人大桌_有WIFI_有充电宝_免费wifi_有停车场,小馄饨_5|咸蛋黄狮子头_10|蚝油腐竹烧香菇_1|毛血旺_2|午餐肉_3|纸包鱼_79|魔芋丝_2|文火慢炖牛尾汤_0|鸡蛋炒面_0|十三香炒螺丝_0|珍珠生蚝_0|辣炒花甲_1|椒盐小龙虾大虾_1|生煎包_11|绿豆蓉咸蛋黄月饼_1|外婆记忆蛋炒饭_0|酸汤牛蛙_0|麻婆豆腐_0|泰式咖喱小龙虾_1|培根炒卷心菜_0|花甲肉炒韭菜_0|酸辣土豆丝_1|小炒肉_1|干锅土豆片_2|酸菜鱼_5|咸蛋黄腊肠烧卖_9|蛋炒饭_6|干锅土豆片盖饭_1|盐水小龙虾_0|蒜泥小龙虾_13|冰镇龙虾_27|十三香小龙虾_33|剁椒皮蛋_0|蛏子_0|虫草花菌菇汤_0|红爵啤酒_0|椒盐排条_1|咸肉菜饭_1|扇贝（打）_0|紫菜蛋汤_0|酸辣鸡杂_0|炒青菜_0|咖喱鸡块饭_0|臭鳜鱼_0|红烧肉烧虎皮蛋_0|韭菜炒豆芽_1|南瓜饼_0|腐竹炒腊肉_0|槐花炒鸡蛋_0|沙葱炒蛋_0|,129677972.0,世纪大道,76/人,口味:3.9 环境:3.8 服务:3.9 ,3.9,55807259|13917635690,280.0,0.0,,,距地铁6号线浦电路(6号线)站4号口步行150m,浦电路319号,121.523333,31.22229,周一至周日 11:00-14:00 16:30-24:00,2019年3月,
l6lpKzGPoyWKCos5,阿金大白·白斩鸡,美食,本帮江浙菜,上海本帮菜,浦东新区,八佰伴,0,0,0,0,0,0,,1,0,0,0,八佰伴  上海本帮菜,"“白斩鸡又嫩又鲜,鸡皮滑滑的好吃”",,,,付费停车_商场餐厅_可预订_卫生间_有停车场_可停车,桂花乌米糖藕_5|重葱油鸡套餐_5|白斩鸡_20|白切羊肉_1|葱拌宽面_0|葱拌宽面套餐_0|咸蛋黄小烧麦_0|薄皮香菇大烧麦_0|白切鸡肝_0|香菇小烧麦_0|小小叉烧包子_0|养颜银耳羹_0|辣口水鸡套餐_1|鸡毛菜_1|全家福老鸭汤_1|老鸭大腿汤_0|养生八宝粥_0|桂花酒酿发糕_0|小小五素包子_0|超大五素包_0|小小咸蛋黄流沙包子_0|超大鲜肉包_0|自家酸辣鸡爪_0|小小鲜肉包子_0|口水鸡酱料_0|重葱油大花卷_0|薄皮咸蛋黄大烧麦_0|海苔肉松糖糕_0|四喜烤麸冷面_2|经典白斩鸡套餐_4|,1506022341.0,八佰伴,58/人,口味:3.6 环境:3.7 服务:3.7 ,3.6,18989077385,37.0,0.0,,百联世纪RISO店,距地铁2/4/6/9号线世纪大道站2号口步行340m,张杨路982号百联世纪购物中心B2层RISO内,121.522963,31.23227,周一至周日 11:00-21:00,2021年4月,
l6VorBHlSS8O2hel,天地人缘,美食,本帮江浙菜,浙菜,浦东新区,世纪大道,0,0,0,0,0,0,,0,0,0,0,世纪大道  浙菜,“一桌子人吃正好”,,,,,,1074852427.0,世纪大道,,口味:3.5 环境:3.5 服务:3.5 ,3.5,,2.0,0.0,,,距地铁4号线塘桥站4号口步行1.2km,浦明路898号海航大厦b1-15,121.50872,31.219503000000003,周一至周日 10:00-20:00,2019年10月,
Ha9yYIyGfcZEuyYV,汉宫白领食堂,美食,本帮江浙菜,上海本帮菜,浦东新区,陆家嘴,0,0,0,0,0,0,,0,0,0,0,陆家嘴  上海本帮菜,"“超级好吃,减脂期的必选场地”",,,,楼宇餐厅_有萌宠_有沙发位_可电话预订_可刷卡,蛋黄酥_4|烧卖_2|虾肉馄饨_8|抹茶酥_4|咖喱鸡块_1|酱鸭_9|糖醋小黄鱼_3|叉烧酥_6|金桔橙汁_2|盐鸡_3|白灼芥兰_1|桂花酒酿圆_1|印度咖喱牛腩_7|琥珀桃仁_6|炸猪排_1|茭白鳝丝_1|马德拉鸡卡巴布_1|奶油焗龙虾_1|鲜肉锅贴_1|油爆虾_1|杨枝甘露_1|腌笃鲜_7|骨头汤_0|雪媚娘_3|干锅凤爪_0|锦绣牛肉丝_0|烤麸_3|酱牛肉_8|本帮爆鱼_1|三鲜烩蹄筋_1|葱爆白米虾_0|肥肠面_1|熏鱼_9|基围虾_13|红烧肉_1|炸鸡翅_0|咸菜昂刺鱼_0|,10661818.0,陆家嘴,29/人,口味:3.8 环境:3.6 服务:3.5 ,3.6,,90.0,0.0,,银城中路店,距地铁2/14号线陆家嘴站3号口步行650m,银城中路200号中银大厦6楼,121.498642,31.240767,周一至周五 09:30-17:30,2013年6月,
jDo4ayFgKiY3hvja,和丽轩中餐厅,美食,本帮江浙菜,苏浙菜,浦东新区,塘桥,0,0,0,0,0,0,,0,0,0,0,塘桥  苏浙菜,"“味道不错挺入味的,服务员随叫随到”",,,,环境优雅_双人包厢_10人以下包厢_有10人以上大桌_可电话预订,白斩鸡_2|,1895092.0,塘桥,147/人,口味:3.4 环境:3.6 服务:3.5 ,3.6,68758800,51.0,0.0,,,距地铁4号线塘桥站4号口步行820m,浦东南路1888号,121.51386399999998,31.217429,周一至周日 11:30-14:00 17:30-21:30,2006年5月,
l1GwfMwqXO9ZMo24,于大侠·番茄炒蛋,美食,本帮江浙菜,浙菜,浦东新区,世纪大道,0,0,0,0,0,0,,0,0,0,0,世纪大道  浙菜,“糖醋排条的酱汁真的量多又好吃”,,,,,,1127766616.0,世纪大道,,口味:3.5 环境:3.5 服务:3.5 ,3.5,13795267723,1.0,0.0,,东方路店,距地铁6号线浦电路(6号线)站1号口步行190m,潍坊街道东方路985号一层116室,121.524923,31.223938,,,
G8yYt5hwqGmXepZc,上海艺术馆翡翠景观宴,美食,本帮江浙菜,上海本帮菜,浦东新区,陆家嘴,0,0,0,0,0,0,,0,0,0,0,陆家嘴  上海本帮菜,"“各式各样的,种类繁多,看着都是好东西”",,,,,,607620929.0,陆家嘴,,口味:3.5 环境:3.5 服务:3.5 ,3.5,58166668,4.0,0.0,,,距地铁2/14号线陆家嘴站1号口步行540m,滨江大道2727号B2层,121.492427,31.241395,周一至周日 10:00-18:00,2019年8月,
G4qRujSXAmBrLVr5,夜上海,美食,本帮江浙菜,上海本帮菜,浦东新区,陆家嘴,0,0,0,0,0,0,,0,0,0,0,陆家嘴  上海本帮菜,,,,,年会_停车免费_可停车,松鼠鱼_2|龙虾泡饭_1|素鹅_1|干烧虾球_1|脆皮素鸭_1|太雕醉鸡_1|现榨果汁_1|干煸鲜笋四季豆_6|虾仁_1|虾饺_1|蟹斗_1|木瓜雪梅酿_1|宫爆虾球_1|豆腐慕斯蛋糕_1|鱼子熏蛋_2|松仁鸡米包饼_1|鸡汤_2|自制寿桃_1|糖醋鱼_1|生煎馒头_1|XO酱_1|酒浸鸡_1|清蒸鲥鱼_1|,2049856.0,陆家嘴,380/人,口味:3.2 环境:3.5 服务:3.4 ,3.5,,60.0,0.0,,,距地铁2/14号线陆家嘴站10口步行340m,花园石桥路33号花旗集团大厦3楼,121.49601,31.236063,,,
k6y4V3h3K5jRM5h5,海上大味道,美食,本帮江浙菜,上海本帮菜,浦东新区,陆家嘴,0,0,0,0,0,0,,0,0,0,0,陆家嘴  上海本帮菜,,,,,,,2113750.0,陆家嘴,,口味:3.5 环境:3.4 服务:3.4 ,3.4,58791888,2.0,0.0,,,距地铁2/14号线陆家嘴站1号口步行330m,丰和路与明珠塔路交叉口北20米,121.494596,31.241273,,,
l37YRwtdWPNXbDAn,好上客,美食,本帮江浙菜,苏浙菜,浦东新区,八佰伴,0,0,0,0,0,0,,0,0,0,0,八佰伴  苏浙菜,,,,,可自助结账_可带宠物_有充电线_可自助点餐_沿街餐厅,扬州炒饭_1|清炒小白菜_1|小炒绿豆芽_1|咸鸭蛋_1|鹅肝_1|小炒肉_2|,15002620.0,八佰伴,18/人,口味:3.4 环境:3.4 服务:3.4 ,3.4,13472610509,9.0,0.0,,浦城路店,距地铁9号线商城路站3号口步行730m,浦城路532号,121.509342,31.227676,周一至周日 10:00-21:00,2013年10月,
G3pPaA6DaLKe2YcE,申大福,美食,本帮江浙菜,上海本帮菜,浦东新区,陆家嘴,0,0,0,0,0,0,,0,0,0,0,陆家嘴  上海本帮菜,,,,,,口水鸡_1|本帮熏鱼_1|,736887037.0,陆家嘴,,口味:3.4 环境:3.5 服务:3.4 ,3.4,,3.0,0.0,,,距地铁6号线浦电路(6号线)站4号口步行440m,崂山路潍坊九村社区西南侧,121.521249,31.222923,周一至周日 06:00-21:00,2020年5月,
Gawsd2prf4tSZXMM,华庭会所,美食,本帮江浙菜,上海本帮菜,浦东新区,陆家嘴,0,0,0,0,0,0,,0,0,0,0,陆家嘴  上海本帮菜,,,,,,私房菜_3|,1107943334.0,陆家嘴,,,3.0,13918525361,0.0,0.0,,,距地铁6号线源深体育中心站4号口步行390m,松林路97弄34号,121.526943,31.235637,周一至周日 10:00-22:00,2020年5月,
k6n1kXTdzA0ELbS7,星茂&香辣蟹海鲜&小龙虾,美食,本帮江浙菜,,浦东新区,世纪大道,0,0,0,0,0,0,,0,0,0,0,世纪大道  本帮江浙菜,,,,,,,1347879817.0,世纪大道,,,0.0,15800925371,0.0,0.0,,第七档口崂山美食城店,距地铁6号线浦电路(6号线)站4号口步行410m,(上海)自由贸易试验区崂山路705号2楼,121.521139,31.222628000000004,,,
FwoPMiNCWVhUbht5,沪阿虎·四季龙虾,美食,本帮江浙菜,,浦东新区,世纪大道,0,0,0,0,0,0,新店,0,0,0,0,世纪大道  本帮江浙菜,,,,,,,818202050.0,世纪大道,,,0.0,,0.0,0.0,,,距地铁6号线浦电路(6号线)站4号口步行640m,崂山路652号,121.520617,31.224615000000004,,,
G44DCvMLrfIZp8Sj,二子龙虾,美食,本帮江浙菜,,浦东新区,陆家嘴,0,0,0,0,0,0,新店,0,0,0,0,陆家嘴  本帮江浙菜,,,,,,,1949309037.0,陆家嘴,,,0.0,13310089771,0.0,0.0,,二子龙虾崂山路店,距地铁4/14号线浦东大道站3号口步行530m,崂山路255号（浦东大道地铁站3号口步行430米),121.513917,31.239424,,,
k9bdG5hgSVAYx49u,趣嗨小龙虾,美食,本帮江浙菜,,浦东新区,八佰伴,0,0,0,0,0,0,新店,0,0,0,0,八佰伴  本帮江浙菜,,,,,,,1046157318.0,八佰伴,,,0.0,,0.0,0.0,,,距地铁9号线商城路站3号口步行1.2km,陆家嘴旁边,121.504976,31.227741,,,
k76KmvNQaohrsZHX,盱眙龙虾,美食,本帮江浙菜,,浦东新区,世纪大道,0,0,0,0,0,0,,1,0,0,0,世纪大道  本帮江浙菜,,,,,,,805510206.0,世纪大道,,,0.0,18314967049,0.0,0.0,,,距地铁2/4/6/9号线世纪大道站5号口步行20m,(上海)自由贸易试验区福山路312号地下二层03单元,121.523607,31.23144000000001,周一至周日 全天,,
FMnKQPLLUN4NnXZx,虾镐·小龙虾99元4斤,美食,本帮江浙菜,,浦东新区,八佰伴,0,0,0,0,0,0,新店,1,0,0,0,八佰伴  本帮江浙菜,,,,,,蔬菜礼包_0|鸡蛋_0|白西兰花_0|大龙虾_0|小龙虾_0|,1214139549.0,八佰伴,,,0.0,19921231222,0.0,0.0,,,距地铁2号线东昌路站2号口步行410m,乳山路97号-3,121.514957,31.236694,,,
l8llTWwGQ0lIyHOw,八零九零龙虾馆,美食,本帮江浙菜,,浦东新区,世纪大道,0,0,0,0,0,0,新店,0,0,0,0,世纪大道  本帮江浙菜,,,,,,,1432623527.0,世纪大道,,,0.0,,0.0,0.0,,,距地铁9号线商城路站3号口步行640m,东南新村20号楼101室,121.51238700000002,31.227052,,,
k7fPV4U4qDnzZKeL,清蒸蟹.龙虾M皮皮虾,美食,本帮江浙菜,,浦东新区,世纪大道,0,0,0,0,0,0,,0,0,0,0,世纪大道  本帮江浙菜,,,,,,,1762409657.0,世纪大道,,,0.0,18314967049,0.0,0.0,,,距地铁6号线浦电路(6号线)站4号口步行410m,(上海)自由贸易试验区浦电路316号201室,121.521139,31.222628000000004,,,
G3RSj6wJtequzLI3,趣嗨小龙虾,美食,本帮江浙菜,,浦东新区,八佰伴,0,0,0,0,0,0,新店,0,0,0,0,八佰伴  本帮江浙菜,,,,,,,1637233463.0,八佰伴,,,0.0,15692108837,0.0,0.0,,浦东店,距地铁9号线商城路站2号口步行110m,良友大厦负一层,121.513619,31.232248,,,
laOUe1EfQYKjoI8I,金钳汇,美食,本帮江浙菜,,浦东新区,世纪大道,0,0,0,0,0,0,新店,0,0,0,0,世纪大道  本帮江浙菜,,,,,,,1570701558.0,世纪大道,,,0.0,,0.0,0.0,,陆家嘴店,距地铁2/4/6/9号线世纪大道站11号口步行450m,九六广场,121.520652,31.22915900000001,,,
H2qPiX2n4DYLXDfz,火辣风浪·小龙虾,美食,本帮江浙菜,,浦东新区,八佰伴,0,0,0,0,0,0,,0,0,0,0,八佰伴  本帮江浙菜,,,,,,,716571927.0,八佰伴,,,0.0,13611770824,0.0,0.0,,,距地铁2号线东昌路站2号口步行440m,乳山路90号12号档口,121.514669,31.235917,,,
k8RU1snufftYwuFv,小龙虾M皮皮虾,美食,本帮江浙菜,,浦东新区,世纪大道,0,0,0,0,0,0,,0,0,0,0,世纪大道  本帮江浙菜,,,,,,,132796899.0,世纪大道,,,0.0,15088293623,0.0,0.0,,崂山路店,距地铁6号线浦电路(6号线)站4号口步行400m,自由贸易试验区崂山路705号2楼,121.521059,31.222508,,2019年7月,
k1qIDCuImXxQPDrv,椒奢宫,美食,本帮江浙菜,,浦东新区,八佰伴,0,0,0,0,0,0,新店,1,0,0,0,八佰伴  本帮江浙菜,,,,,,,863752634.0,八佰伴,,,0.0,19821683291,0.0,0.0,,,距地铁9号线商城路站2号口步行180m,商城路618号良友大厦B一楼良誉美食城,121.513742,31.232337,,,
G6pJQus0nxxLInsi,合欢·上海菜,美食,本帮江浙菜,浙菜,浦东新区,世纪大道,0,0,0,0,0,0,新店,1,0,0,0,世纪大道  浙菜,,,,,,椒盐鸡柳_0|清炒西兰花_0|王守义十三香_0|小葱炒土鸡蛋_0|清炒杭白菜_0|肉汁烧冬瓜_0|海天草菇老抽_0|蒜泥空心菜_0|鲫鱼豆腐汤_0|香菇面筋煲_0|酸辣土豆丝_0|橙香牛仔粒_0|红烧带鱼_0|油爆大虾_0|炝花生_0|清炒小青菜_0|葱油鸡_0|红烧小黄鱼_0|干锅花菜肉片_0|椒盐排条_0|本帮红烧肉_0|本帮蚝油牛肉_0|韭黄炒蛋_0|水晶虾仁_0|拍黄瓜_0|蟹粉虾仁豆腐_0|三鲜烩蹄筋_0|雪花纯生_0|干锅千页豆腐_0|本帮酱爆猪肝_0|鲍鱼红烧肉_0|骨汤台州豆腐_0|干锅牛蛙_0|西湖牛肉莼菜羹_0|银鱼炒蛋_0|红烧鸡块_0|馒头_0|扬州煮干丝_0|宫爆鸡丁_0|酸辣白菜_0|黑椒牛仔粒_0|湖南小炒肉_0|本帮糖醋排条_0|番茄蛋花汤_0|雪菜目鱼_0|清炒丝瓜_0|香菇青菜_0|虾仁滑蛋_0|午餐肉罐头_0|广合腐乳_0|,1193474033.0,世纪大道,,,0.0,16628579429,0.0,0.0,,,距地铁2/4/6/9号线世纪大道站7号口步行380m,(上海)自由贸易试验区潍坊路176号1-2层,121.523979,31.228404,,,
G1ngLamYweXneLER,海上明月本帮菜,美食,本帮江浙菜,上海本帮菜,浦东新区,世纪大道,0,0,0,0,0,0,,0,0,0,0,世纪大道  上海本帮菜,,,,,,,1490258341.0,世纪大道,,,0.0,,0.0,0.0,,,距地铁2/4/6/9号线世纪大道站7号口步行400m,潍坊路178号,121.523878,31.228353,,,
l5bXVKfaQ8ODEfRM,苏浙汇浦东店地上停车场-出入口,美食,本帮江浙菜,上海本帮菜,浦东新区,世纪大道,0,0,0,0,0,0,,0,0,0,0,世纪大道  上海本帮菜,,,,,可在店食_沿街餐厅,,101596319.0,世纪大道,,,0.0,,0.0,0.0,,,距地铁2/4/6/9号线世纪大道站7号口步行730m,东方路877号,121.523966,31.226971,,,
FD9a0TQtdpCKnLdc,盱眙双拼龙虾馆,美食,本帮江浙菜,,浦东新区,世纪大道,0,0,0,0,0,0,新店,1,0,0,0,世纪大道  本帮江浙菜,,,,,,,1049488794.0,世纪大道,,,0.0,13761751975,0.0,0.0,,第4档口好实美食城店,距地铁9号线商城路站3号口步行640m,东南新村19号,121.512395,31.227047,,,
l52LzIgapJvMHnk4,锦江汤臣洲际大酒店·东方食苑,美食,本帮江浙菜,上海本帮菜,浦东新区,八佰伴,0,1,0,0,0,0,,0,0,0,0,八佰伴  上海本帮菜,“这次厨师推荐的酥炸鲜鱿好吃到爆”,,,,,椰汁西米露_71|菜胆红烧京葱大乌参_3|小米石锅花胶_3|烧汁银鳕鱼_16|三文鱼金枪鱼刺身拼盘_2|蜜味靓叉烧_2|鸡汁银鳕鱼_3|陈皮油爆虾_3|北京片皮鸭_59|石斑鱼_3|秘制普洱红烧肉配酱蛋_2|桂鱼_3|蒜泥白卷肉_3|菊花茶_2|鲜虾腐皮卷_6|挂炉烤鸭_4|老上海熏鱼_52|四川辣子鸡_25|玫瑰豉油鸡_2|清蒸大闸蟹_2|蟹粉豆腐羹_3|西柠煎软鸡_4|糟溜鲈鱼_3|荠菜松茸富贵鱼_22|糖醋小排_7|葱油白切鸡_83|香露明虾球_194|浓汤刀板香蒸鱼糕_3|咖喱牛肉配面包_2|花雕鸡油蒸小青龙_4|剁椒猪手_3|菠萝咕咾肉_12|蒜蓉粉丝蒸扇贝_9|蛋挞_77|牛肉粒_114|牛肋骨_12|豆豉粉丝蒸鲍鱼_3|虫草花乳鸽汤_7|刺身三文鱼_25|水煮鲈鱼片_48|四川樟茶鸭_2|洁白玫瑰_10|中西点心拼_2|酥皮香芒银鳕鱼_3|,503213.0,八佰伴,275/人,口味:4.5 环境:4.8 服务:4.7 ,4.8,58356666-3261,841.0,3.0,商户暂停营业,,距地铁2/4/6/9号线世纪大道站12号口步行550m,张杨路777号锦江汤臣洲际大酒店2楼,121.517315,31.231467,,,
l1YxwUd6UQQjZxro,正院上海公馆,美食,本帮江浙菜,上海本帮菜,浦东新区,陆家嘴,0,1,0,0,0,0,,0,0,0,0,陆家嘴  上海本帮菜,"“「鱼茸海鲜羹」大家一致好评,鲜美清淡”",陆家嘴粤菜环境榜第10名,,1.7万人,隐于浮世_复古主题餐厅_古色古香_老洋房,黑蒜雪花牛肉粒_4|芝士烤小南瓜_155|杨枝甘露配锅贴_2|香茅咖喱虾_14|椒盐阿拉斯加蟹腿_24|脆皮松阪肉_70|葱香野米烧辽参_48|黑松露斑鱼扒_7|黄焖鱼翅_6|腊肉_1|正院养生茶_2|上海本帮熏鱼_25|桃胶雪莲子_12|奥灶面_4|葱油生态大黄鱼_197|陈皮红豆沙配黑糖蜂巢糕_7|萝卜炒螺肉_5|松茸雪茸汤_5|凉菜三拼_5|深海龙趸斑_7|芦笋羊肚菌炒鲍片_2|清蒸生态大黄鱼_11|香糟四宝_1|油醋汁蒸膏蟹_24|油醋汁茄子_2|黑松露牛肉_3|松茸雪绒汤_30|羊角椒炝螺片_2|杨枝甘露拼生煎_31|啫啫深海石斑鱼_2|椒麻翘壳鱼_3|手剥河虾仁_9|回锅小炒肉_29|黑松露蛋白虾球_1|麻椒牛三宝_1|鲈鱼_1|金蒜波士顿大龙虾_8|松茸鸡汤_1|红豆沙拼生煎_1|雪莲子桃胶配黑糖蜂巢糕_9|A5和牛炒饭_12|潮汕狮头鹅_4|桃胶银耳羹_5|铁棍山药炒鳕鱼粒_1|帝王蟹三食_1|乡村石锅豆腐_4|浓汤海鲜羹和米饭_4|本帮咸鸡_7|樱桃萝卜_27|弄堂海鲜羹_10|农家小炒_8|湘莲红豆沙_65|海胆豆腐_2|啫啫龙趸斑_4|炒米线_1|时蔬_13|椒麻牛三件_64|葱油小黄鱼_3|黑松露雪花牛肉羹_13|黑松露稻庭面_2|家烧鮰鱼肚_1|鱼茸海鲜羹_86|金瓜鲍鱼红烧肉_1|前菜三拼_16|上汤菠菜_15|健康粗粮花胶_1|冷菜拼盘_2|大煮干丝_3|两头乌红烧肉_55|云腿菌菇石榴包_57|咖喱牛肉_1|,3671017.0,陆家嘴,392/人,口味:4.5 环境:4.8 服务:4.7 ,4.7,58781888,2725.0,3.0,商户暂停营业,1885广场店,距地铁9号线商城路站1号口步行120m,商城路665号1885广场C栋3-4层,121.513371,31.2331,周一至周日 11:00-14:00 17:00-21:30,2010年1月,
k2SjXniZGhJ6geDK,苏浙总会,美食,本帮江浙菜,淮扬菜,浦东新区,陆家嘴,0,1,0,1,0,0,,1,1,0,0,陆家嘴  淮扬菜,“当天定的包厢晚餐宽阔视野的夜景”,,,2.8万人,古典清韵_高空城景_有室内景观_富丽堂皇_双人包厢,传统香酥炸大鸭_1|清蒸大黄鱼_7|南乳开片虾_3|上海生煎_2|斑类鱼_1|虫草鱼唇炖鲍鱼_2|特色鲜肉小笼包_13|天籽兰花炖金丝燕_1|三鲜烩海参_3|桂花虾_1|怡泉苏打水汽水_1|黑豚肉蒸膏蟹_8|招牌干鲍扣梅菜香米_23|辣汁抄手剥凤尾虾_14|双味双笋_5|古法酱牛健_40|赤汤娃娃菜_1|鸡汁荠菜百叶包_1|清蒸鲥鱼配面盏_128|鸡枞蟹黄烩面_5|冻鲍鱼_3|辽参扣公肚_1|葱油拌面_23|芝士焗龙虾_18|牛肝菌海鲜煨面_6|花雕蒸鸡_2|桂花酒酿小圆子_18|鲍鱼鸡_1|酒香炖梨配红莓霜_1|热巧克力布丁_18|正山小种_3|帝皇蟹_1|豆豉凤爪_7|蟹肉竹荪烩生翅_1|坚果椒子牛柳粒_49|糍饭糕_8|藤椒桂鱼片_11|浓汤松柳苗_6|脆酱青瓜条_1|咸蛋黄奶冻_9|蟹黄小龙_2|蟹味菇肉丝炒面_7|榨菜肉丝大黄鱼_4|异香蜜汁烤肋排_35|淮阳灌汤包_24|竹笋老鸭汤_1|熏黄鱼_4|蟹粉小笼_2|新派怪味鸡_1|昆布海参炖澳带_2|辣子和牛粒_10|熟醉膏蟹_1|黑松露鹅肝包菜_4|柠檬低脂芝士蛋糕配草莓吗卡隆_3|羊羔冻_1|椒麻黑豆芽_8|昆布澳带炖辽参_96|椰子_1|提拉米苏_146|蟹肉雪菇芦笋_1|黑松露大乌参_17|黄鱼脯_25|虾仁月牙锅贴_2|荠菜汤_1|酒香草头_41|清炒蟹粉_13|金银花娃娃菜_1|烧鸭（半只）_15|松茸清汤炖老鸡_1|桃胶蟹黄虾仁豆腐_10|巧克力幻想_2|菌茹瑶柱茄子_9|鱼籽酱鹅肝_1|油浸笋壳鱼_2|上汤豆苗_3|榄仁千层油糕_6|冰激凌_1|虾籽荟茭白_1|甲鱼汤_1|河虾_20|官燕珍珠羹_1|松茸小笼_3|淮扬鸡火煮干丝_2|有机茄子_16|醋拌蟹肉土豆泥_47|红烧肉拼大乌参_5|浓汁焖牛肋骨_2|黄鱼春卷_8|苦瓜仔排汤_1|黑胡椒牛舌_3|豆苗餃_37|脆皮当红炸子鸡_31|烘培芝麻酱芒果香草罗马色拉_2|苔香九肚鱼_1|小米炖辽参_1|清炒芦笋_42|油煎八宝饭_14|石锅花菜_1|糖醋仔排骨_351|瑶柱萝卜汤_1|火瞳冬瓜炖老鸭_3|辣汁羊肚菌爆牛肉_6|银鱼煎饼_6|牛脸肉_9|梅菜扣肉_1|清炒凤尾虾_76|熏鲳鱼_1|天麻鱼唇拆烩鱼头_364|铁板芦笋鱼肚_1|炸两_1|燕窝冰镇老酸奶_7|核桃露_3|香菇烤麸_3|包着樟茶鸭的面食_2|椰汁燕窝_5|榴莲酥_13|红梅布丁_1|桂花酒酿小汤圆_7|招牌中式清蒸鲥鱼_36|鲍汁海鲜一品煲_2|京葱目鱼方_66|大闸蟹_5|香芒鲜虾杂蔬_11|清蒸笋壳鱼_19|嫩苗糟虾球_12|老上海葱油鸡_1|热朗姆巴巴配烩樱桃_2|葱烧牛柳_1|龙井_1|亨利博虚心接受瓦波梅_1|黑胡椒牛肉丝炒饭_18|迷你凉拌豆腐_1|姜米浸蛤肉_2|红油海味扒大鸭_31|红烧肉烧鱼唇_5|松茸炖辽参_10|辣子炒手剥凤尾虾_1|清蒸东星斑_32|天目湖鱼头_3|酒香炖梨配红梅霜_1|马兰头_2|抹茶牛奶布丁_1|鸡汤煮干丝_14|黄桥小烧饼_7|清炖松茸狮子头_3|凤梨酿紫米_117|姜蓉白切鸡_24|苋菜_1|餐具包_2|潮州煎粉果_2|蟹肉色拉_7|萝卜糕_1|蟹黄鱼丝_1|果木烧肉_1|淮扬清炖狮子头_357|塔菜冬笋_2|鱼子酱烟熏蛋_11|桂花酒酿饼_1|杏仁露_1|餐前水果盘_2|脆鳝_1|鸡汁烩干丝_10|蜜汁火方_1|鳗鱼酥_7|养生山药汁_4|龙趸炒芦笋_1|沪上土豆沙拉_5|虾蟹炒鱼米_1|特色枣香上海酱鸭_63|糟香原只鲜带子_5|坚果椒子牛肉_3|黑松露小笼包_19|香糟冻蹄_1|螺头闷酥肉_1|苏浙汇招牌鲥鱼_2|上汤米苋_1|西芹海蜇头_2|香菇青菜包_1|金骏眉_1|五香梅子鱼_47|官燕珍珠白玉_1|浓汤竹笙煨菜心_22|异香蜜酱烤肋排_4|松茸咸肉菜饭_1|姜蓉蒜香黄鱼_1|绿豆糕_2|叉烧肠粉_2|茶树菇素鸡_1|铁板烤松茸_4|流沙红豆包_5|卤水极品鲍_1|橙味梳乎厘_27|松茸西洋菜汤_13|招牌鸡汁鸽吞燕_6|清炖冰花官燕_1|网皮生煎包_2|鲍鱼鱼翅_5|虾酱花菜_1|传统淮扬鸡火鱉_1|鮑魚梅菜飯_13|蛋黄酥_18|葱烤虾籽大乌参_1|鲮鱼烧卖_13|核桃酱鸭方_1|羊肚菌菜胆炖螺片_1|萝卜酥_4|黑松露鹅肝包生菜_462|紫薯布丁_2|苏浙招牌樟茶鸭_115|八宝拌菠菜_1|宫保大虾丸子_2|蟹粉生煎包_26|叉烧酥_4|苏浙总会牛肝菌焖牛脸肉_4|淮阳拆烩大鱼头_2|冰镇红枣银耳羹_3|松茸炖西洋菜_6|杨枝甘露_16|蟹肉鱼翅粥_21|麻婆豆腐桂鱼_10|古法蒸鲳鱼_5|八宝鸭_48|蟹粉葱油饼_5|烟熏白水鱼_3|红油鸭子_1|XO酱拌茄子_1|蟹粉狮子头_16|川味牛肉粒_8|帝王蟹蒸蛋_4|墨鱼丸_1|蒸酿招牌羊肚菌_26|红烧海虎翅_1|石锅炒鳝丝_6|红烧肉焖鱼唇_260|松茸虾仁小馄饨_10|火瞳老鸡炖翅_1|羊肚菌爆和牛_235|家常热窝鸡_1|春笋虾子蒸膏蟹_1|葱白热炝明虾片_177|海螺_1|苏浙总会烧饼配杨枝甘露_1|树莓奶酪_2|姜葱炒珍宝蟹_2|坚果椒子牛肉粒_9|鸽吞燕_5|野菜松仁香干_1|总会海鲜炒饭_2|菠萝咕唠肉_1|大煮干丝_82|龙虾两吃_11|豆瓣虾仁_1|鱼汤翅_1|牛肝菌鮰鱼_2|,4277498.0,陆家嘴,532/人,口味:4.2 环境:4.6 服务:4.3 ,4.3,50127728,2863.0,3.0,商户暂停营业,国金中心店,距地铁2/14号线陆家嘴站6号口步行120m,世纪大道8号国金中心4楼L4-13号（近银城中路）,121.49766499999998,31.238647,,,
